idx,O,C,E,A,N,loud_share,conflict_share,coop_share,move_rate,coverage,noise,selected
0,-0.44,-0.65,0.21,-0.44,0.70,0.6550,0.3650,0.1950,0.9050,0.8000,0.2833,0
1,0.79,0.47,-0.75,-0.26,-0.64,0.1900,0.0400,0.0150,1.0000,0.6333,0.1355,0
2,0.52,-0.40,-0.74,-0.74,0.72,0.0300,0.0100,0.0750,0.8950,0.5500,0.1587,0
3,0.64,-0.75,0.37,0.31,-0.48,0.6900,0.1400,0.0850,1.0000,0.6833,0.1268,0
4,-0.26,0.64,-0.38,0.40,0.56,0.0000,0.0000,0.3400,0.4800,0.3333,0.2408,0
5,-0.72,-0.57,0.79,0.56,0.22,1.0000,0.0750,0.7950,0.9100,0.3667,0.2138,0
6,0.55,0.52,0.70,-0.10,-0.56,0.9850,0.1150,0.8650,0.9400,0.5250,0.1475,0
7,0.59,-0.05,0.59,-0.45,-0.05,0.7750,0.6200,0.0600,0.9750,0.6500,0.1557,0
8,0.74,-0.75,0.64,0.43,0.32,0.7050,0.0800,0.4100,0.9750,0.6500,0.1786,0
9,-0.65,0.27,-0.62,0.01,0.18,0.0000,0.0000,0.1600,0.5550,0.3333,0.1512,0
10,0.51,-0.48,0.28,-0.55,0.63,0.5050,0.3050,0.1300,0.9550,0.7917,0.2146,0
11,0.62,-0.18,0.62,-0.75,-0.78,0.7900,0.7900,0.0000,1.0000,0.6667,0.0424,0
12,0.67,0.67,-0.28,0.69,-0.34,0.3400,0.0000,0.7650,0.9800,0.5333,0.1128,0
13,-0.77,0.68,0.12,-0.34,-0.56,1.0000,0.4350,0.3400,0.8200,0.3833,0.2238,0
14,0.10,-0.55,0.05,-0.46,-0.55,0.7000,0.6300,0.0050,1.0000,0.6750,0.0830,0
15,-0.63,-0.36,-0.66,-0.71,-0.30,0.2900,0.2600,0.0850,1.0000,0.7167,0.1523,0
16,0.60,-0.31,-0.63,-0.73,0.19,0.1000,0.0450,0.0300,0.9750,0.6667,0.1792,0
17,0.70,0.34,0.01,-0.60,-0.77,0.5000,0.4550,0.0250,1.0000,0.8167,0.0828,0
18,0.58,-0.01,0.50,-0.11,-0.54,0.7350,0.3400,0.2850,1.0000,0.6750,0.1824,0
19,0.73,0.79,-0.24,-0.25,-0.20,0.1350,0.0300,0.1200,0.8800,0.5250,0.1814,0
20,0.78,0.08,0.39,0.77,-0.44,0.6350,0.0000,0.7600,0.9950,0.6750,0.1107,0
21,0.23,-0.33,-0.47,-0.74,0.50,0.0600,0.0300,0.0800,0.9250,0.6000,0.1843,0
22,-0.65,-0.46,-0.27,0.59,0.74,0.0800,0.0150,0.4700,0.7150,0.4667,0.2686,0
23,0.60,0.79,-0.36,0.52,0.74,0.0050,0.0000,0.2800,0.5950,0.3667,0.2163,0
24,0.78,-0.20,0.41,-0.75,0.57,0.5150,0.3250,0.1150,0.9300,0.7417,0.2126,0
25,0.47,0.29,0.06,-0.74,-0.50,0.5200,0.5000,0.0150,1.0000,0.7917,0.1177,0
26,-0.06,-0.51,0.06,-0.49,0.77,0.4000,0.2200,0.2200,0.9050,0.8083,0.2789,0
27,0.66,0.20,-0.26,0.61,0.73,0.0500,0.0000,0.3350,0.7650,0.5333,0.2395,0
28,0.16,-0.06,-0.73,0.41,0.52,0.0000,0.0000,0.2450,0.7700,0.4250,0.1935,0
29,-0.16,-0.43,0.74,0.44,0.77,0.9450,0.1700,0.5900,0.7900,0.4917,0.2783,0
30,-0.73,0.28,0.40,0.11,-0.54,1.0000,0.0250,0.9200,0.9400,0.3500,0.1624,0
31,-0.77,0.10,0.12,-0.79,-0.39,1.0000,0.9650,0.0000,0.9650,0.5000,0.0809,0
32,0.64,0.17,0.63,-0.27,0.35,0.8350,0.2800,0.4450,0.8200,0.5750,0.2778,0
33,0.64,-0.43,-0.71,0.05,0.74,0.0700,0.0150,0.1300,0.9300,0.6167,0.1809,0
34,-0.70,-0.58,-0.02,0.69,0.01,0.9250,0.0250,0.7000,0.9650,0.5917,0.1986,0
35,-0.61,0.55,-0.71,0.14,-0.46,0.0000,0.0000,0.2850,0.6650,0.3333,0.1164,0
36,0.77,0.64,-0.46,-0.01,-0.39,0.1700,0.0000,0.0300,0.9950,0.4917,0.0894,0
37,-0.54,-0.77,-0.34,0.58,0.78,0.1700,0.0350,0.4200,0.8150,0.6417,0.2574,0
38,0.63,0.79,-0.10,-0.76,0.18,0.0050,0.0000,0.0650,0.5300,0.4083,0.1753,0
39,0.25,-0.23,-0.55,-0.22,0.71,0.0350,0.0050,0.1600,0.8250,0.5500,0.1914,0
40,0.75,-0.69,-0.71,-0.66,-0.59,0.3950,0.2300,0.0050,1.0000,0.6917,0.0812,0
41,0.57,0.51,0.77,-0.51,-0.52,1.0000,0.5700,0.4100,0.9300,0.5000,0.1487,0
42,-0.29,0.39,0.56,0.03,-0.56,1.0000,0.0400,0.9550,0.9850,0.4083,0.1226,0
43,0.34,0.24,-0.61,-0.22,-0.65,0.3000,0.1450,0.0650,1.0000,0.8250,0.0841,0
44,-0.43,0.72,0.22,-0.55,-0.54,1.0000,0.5550,0.2200,0.8200,0.4917,0.1703,0
45,-0.04,-0.68,-0.70,0.57,0.25,0.1700,0.0100,0.3250,0.9950,0.7250,0.1657,0
46,0.77,0.66,-0.56,-0.01,-0.16,0.0050,0.0000,0.0550,0.9100,0.4667,0.1353,0
47,0.63,-0.52,0.43,-0.67,0.39,0.6300,0.4450,0.0450,0.9800,0.7417,0.1769,0
48,0.32,0.51,-0.39,-0.71,0.72,0.0000,0.0000,0.1350,0.6200,0.3583,0.1686,0
49,-0.47,-0.57,-0.65,-0.20,0.15,0.0800,0.0400,0.2250,0.9550,0.6250,0.1764,0
50,-0.19,0.64,0.17,-0.53,-0.27,1.0000,0.6050,0.2450,0.6400,0.4083,0.2030,0
51,0.36,-0.09,-0.68,0.44,-0.75,0.3700,0.0000,0.2550,1.0000,0.9333,0.1235,0
52,-0.26,-0.28,-0.60,-0.67,0.41,0.0150,0.0100,0.1100,0.8200,0.4750,0.1912,0
53,-0.20,-0.32,0.50,0.45,0.51,0.9800,0.1050,0.6900,0.8050,0.4250,0.2300,0
54,-0.54,0.67,-0.08,0.42,0.45,0.0000,0.0000,0.5350,0.3950,0.3167,0.3290,0
55,-0.26,0.67,0.63,-0.03,-0.48,1.0000,0.0900,0.9050,0.8600,0.3333,0.1295,0
56,-0.78,0.67,-0.79,-0.07,-0.48,0.0000,0.0000,0.0350,0.2950,0.2917,0.1642,0
57,0.62,0.55,0.47,-0.43,-0.15,0.8100,0.3100,0.4700,0.8100,0.6917,0.2229,0
58,0.74,-0.56,-0.12,-0.77,0.10,0.4250,0.2950,0.0300,0.9950,0.8333,0.1518,0
59,0.58,0.71,-0.24,0.27,0.32,0.0100,0.0000,0.3050,0.5800,0.3583,0.1803,0
60,-0.07,0.59,0.12,0.44,-0.53,0.9600,0.0600,0.8750,0.7500,0.4000,0.1576,0
61,0.39,-0.51,-0.48,-0.75,-0.37,0.4050,0.3200,0.0150,1.0000,0.8083,0.1549,0
62,-0.66,-0.05,0.42,-0.55,0.61,0.6100,0.3600,0.2900,0.7450,0.4083,0.6030,0
63,0.07,-0.78,-0.32,-0.01,-0.67,0.5100,0.2150,0.1900,1.0000,0.8417,0.0997,0
64,0.56,0.79,0.15,0.28,0.76,0.1600,0.0100,0.4550,0.5300,0.4167,0.3916,0
65,0.74,0.36,0.34,0.55,-0.03,0.6600,0.0100,0.7300,0.8800,0.6500,0.1682,0
66,0.65,0.63,0.71,0.37,-0.76,0.9600,0.0000,0.9300,0.9400,0.5583,0.1312,0
67,0.76,-0.59,-0.10,0.12,0.51,0.3500,0.0950,0.1900,0.9750,0.7750,0.1834,0
68,0.67,-0.30,0.71,0.59,0.25,0.8250,0.0450,0.7100,0.9350,0.6167,0.1820,0
69,0.33,-0.30,0.70,-0.47,0.76,0.8000,0.3850,0.2500,0.8300,0.6667,0.2763,0
70,0.65,-0.37,-0.67,0.55,-0.65,0.3650,0.0000,0.1500,1.0000,0.8250,0.1612,0
71,0.47,-0.65,0.71,0.36,-0.74,0.7050,0.0500,0.4350,1.0000,0.6667,0.1061,0
72,0.15,-0.67,-0.03,0.69,0.32,0.5800,0.0200,0.5100,0.9750,0.7917,0.1943,0
73,-0.47,-0.31,0.11,0.79,0.65,0.5850,0.0600,0.6900,0.7850,0.5333,0.4634,0
74,-0.21,-0.33,-0.51,0.14,0.70,0.0150,0.0050,0.2900,0.7650,0.4417,0.2271,0
75,0.33,0.79,-0.67,-0.60,-0.30,0.0000,0.0000,0.0000,0.7700,0.4167,0.1227,0
76,-0.33,-0.26,-0.11,-0.52,-0.56,0.7600,0.7550,0.0450,1.0000,0.7250,0.1211,0
77,0.65,-0.19,0.52,0.62,0.18,0.7600,0.0300,0.7200,0.9500,0.6500,0.1822,0
78,-0.22,-0.28,-0.63,-0.38,0.68,0.0000,0.0000,0.1850,0.7450,0.4083,0.2065,0
79,-0.40,0.74,-0.80,0.62,0.02,0.0000,0.0000,0.3050,0.3950,0.3167,0.2923,0
80,0.39,-0.61,-0.29,-0.65,0.11,0.3700,0.2500,0.0650,0.9900,0.8417,0.1619,0
81,0.43,0.61,-0.60,-0.62,0.39,0.0000,0.0000,0.0600,0.6750,0.3500,0.1256,0
82,0.32,0.13,-0.46,0.66,0.54,0.0150,0.0050,0.3800,0.7600,0.4250,0.2035,0
83,0.19,-0.37,-0.63,-0.65,0.46,0.0450,0.0250,0.0750,0.9300,0.5667,0.1449,0
84,0.46,0.14,0.75,0.64,-0.40,0.9750,0.0050,0.9400,0.9650,0.4000,0.1403,0
85,0.75,-0.54,0.65,-0.65,0.67,0.6400,0.4100,0.1250,0.9500,0.7333,0.2189,0
86,0.40,-0.16,0.59,0.38,-0.72,0.7950,0.0000,0.7950,1.0000,0.6667,0.0308,0
87,-0.03,0.65,0.64,-0.59,0.36,0.8600,0.4400,0.4200,0.5550,0.3583,0.5014,0
88,0.41,-0.43,-0.59,0.18,-0.52,0.3900,0.0300,0.1350,1.0000,0.9083,0.1540,0
89,-0.67,0.25,0.63,0.55,0.74,0.7400,0.0600,0.7750,0.6650,0.3833,0.4874,0
90,-0.29,-0.41,-0.05,0.51,0.70,0.3100,0.0600,0.5200,0.8450,0.6500,0.3548,0
91,-0.04,-0.01,-0.77,-0.11,0.71,0.0050,0.0000,0.1900,0.7150,0.3750,0.2021,0
92,0.37,0.69,-0.01,-0.63,0.44,0.0050,0.0050,0.1700,0.6450,0.3583,0.2099,0
93,-0.46,0.63,0.74,0.74,-0.28,1.0000,0.0000,1.0000,0.8050,0.3333,0.1203,0
94,-0.09,0.46,0.70,0.73,-0.49,1.0000,0.0050,0.9950,0.9550,0.3333,0.0665,0
95,-0.45,-0.63,0.55,-0.76,-0.78,0.9000,0.9000,0.0000,1.0000,0.6667,0.0000,0
96,-0.71,0.78,0.10,0.50,0.68,0.1000,0.0000,0.6200,0.3550,0.3083,0.4718,0
97,-0.78,0.53,0.38,-0.78,0.57,0.3200,0.2300,0.2350,0.4500,0.3583,0.6173,0
98,0.47,0.06,0.57,0.69,-0.04,0.9400,0.0300,0.8500,0.8700,0.4583,0.1639,0
99,-0.59,-0.63,-0.73,-0.80,-0.73,0.5000,0.4950,0.1500,1.0000,0.6667,0.0773,0
100,-0.54,0.76,0.36,-0.72,0.03,0.7000,0.4050,0.2150,0.5350,0.3500,0.6177,0
101,0.74,-0.28,0.06,0.47,-0.68,0.5000,0.0000,0.5050,1.0000,0.7667,0.1146,0
102,-0.40,-0.16,0.50,0.40,-0.69,1.0000,0.0000,0.9950,0.9950,0.5000,0.0308,0
103,-0.02,-0.22,0.74,0.53,-0.64,0.9950,0.0000,0.9950,1.0000,0.5083,0.0476,0
104,-0.62,-0.45,-0.60,-0.36,-0.76,0.5000,0.4450,0.2950,1.0000,0.7167,0.0989,0
105,-0.05,-0.56,-0.73,0.29,-0.40,0.3400,0.0050,0.2400,1.0000,0.8500,0.1410,0
106,-0.22,0.27,0.68,-0.62,0.40,0.9750,0.5500,0.3050,0.7500,0.4083,0.2603,0
107,-0.69,0.54,0.22,-0.56,-0.40,1.0000,0.5250,0.1000,0.8750,0.4500,0.1886,0
108,-0.10,0.77,0.32,-0.77,-0.42,1.0000,0.8200,0.0850,0.7500,0.5000,0.1392,0
109,0.62,0.43,0.26,0.39,0.59,0.3550,0.0350,0.6150,0.7050,0.6417,0.3255,0
110,0.45,-0.74,0.42,-0.77,0.09,0.6850,0.6000,0.0250,1.0000,0.7000,0.1249,0
111,0.55,0.60,-0.03,0.20,-0.74,0.5050,0.0000,0.7900,1.0000,0.7333,0.0897,0
112,-0.21,0.79,-0.66,0.32,-0.73,0.0000,0.0000,0.6000,0.9250,0.3333,0.1699,0
113,-0.50,0.61,0.31,-0.40,0.21,0.3900,0.2150,0.5000,0.5600,0.3417,0.6220,0
114,0.58,-0.78,0.36,-0.01,-0.09,0.6800,0.3900,0.0350,1.0000,0.6917,0.1494,0
115,0.27,-0.46,0.75,0.26,0.65,0.9300,0.1900,0.5100,0.8300,0.5333,0.2608,0
116,-0.46,-0.22,-0.35,0.80,-0.53,0.6050,0.0000,0.7850,1.0000,0.7750,0.1307,0
117,-0.79,-0.22,0.15,-0.16,-0.60,1.0000,0.4900,0.0050,1.0000,0.5000,0.0915,0
118,0.04,0.57,-0.73,0.32,-0.02,0.0000,0.0000,0.1800,0.7800,0.3333,0.1709,0
119,0.55,-0.44,0.18,-0.73,-0.79,0.6200,0.6100,0.0050,1.0000,0.6750,0.0728,0
120,-0.55,-0.70,0.56,0.53,0.57,0.9950,0.1650,0.5950,0.8300,0.4333,0.2186,0
121,-0.79,0.34,-0.78,-0.59,-0.48,0.0000,0.0000,0.0350,0.6450,0.3333,0.0758,0
122,-0.58,-0.02,-0.47,-0.05,-0.76,0.5750,0.2450,0.3100,1.0000,0.8083,0.1334,0
123,0.78,-0.62,-0.56,-0.21,0.03,0.2700,0.1450,0.0250,0.9800,0.7500,0.1748,0
124,-0.09,-0.70,-0.38,-0.66,-0.67,0.5000,0.4700,0.1900,1.0000,0.6833,0.0742,0
125,0.63,0.71,0.68,0.56,-0.63,1.0000,0.0100,0.7850,0.6900,0.3333,0.0638,0
126,0.33,0.35,-0.52,-0.51,-0.44,0.2200,0.0800,0.0500,0.9950,0.7667,0.1336,0
127,0.43,-0.13,-0.62,-0.16,0.56,0.0050,0.0000,0.1250,0.8800,0.5083,0.1424,1
128,0.07,0.17,-0.73,-0.34,0.53,0.0000,0.0000,0.1100,0.7350,0.3667,0.1721,0
129,-0.02,0.76,-0.03,-0.13,-0.68,0.7300,0.0800,0.9050,0.9450,0.5750,0.1534,0
130,-0.52,-0.70,-0.63,-0.51,-0.71,0.5000,0.4350,0.2500,1.0000,0.6667,0.0937,0
131,0.30,0.74,-0.67,-0.51,-0.70,0.1450,0.0150,0.0100,1.0000,0.6500,0.0996,0
132,-0.25,-0.68,-0.07,-0.70,-0.41,0.6800,0.6700,0.0400,1.0000,0.7333,0.1256,0
133,-0.35,0.66,0.69,0.62,0.53,0.7500,0.0150,0.9300,0.5800,0.3500,0.4669,0
134,-0.49,0.75,-0.23,0.40,-0.68,0.5850,0.0000,0.9900,0.8100,0.5250,0.2867,0
135,-0.70,0.77,-0.67,-0.30,0.76,0.0000,0.0000,0.1450,0.3050,0.2750,0.2475,0
136,-0.52,0.36,-0.29,-0.79,0.49,0.0000,0.0000,0.0950,0.5300,0.3333,0.1989,0
137,-0.73,0.11,-0.14,0.31,0.74,0.0550,0.0100,0.4400,0.5650,0.3667,0.3017,0
138,-0.00,-0.59,0.76,-0.28,-0.47,0.8100,0.8000,0.0000,1.0000,0.6667,0.0624,0
139,-0.53,-0.71,0.78,-0.19,-0.12,1.0000,0.8550,0.0250,0.9800,0.5000,0.0997,0
140,-0.57,-0.76,0.47,0.24,-0.11,1.0000,0.2450,0.2950,0.9900,0.5000,0.1785,0
141,-0.31,0.38,0.78,-0.62,-0.40,1.0000,0.6600,0.2300,0.9700,0.4667,0.1762,0
142,0.02,-0.51,0.04,-0.31,0.50,0.5100,0.2500,0.2200,0.9500,0.8250,0.2370,0
143,-0.54,-0.21,-0.74,-0.35,-0.06,0.0200,0.0100,0.1350,0.8850,0.5167,0.1623,0
144,-0.71,-0.25,0.37,0.52,-0.36,1.0000,0.0050,0.9200,0.9850,0.3833,0.1272,0
145,0.35,-0.26,0.31,-0.72,-0.50,0.7350,0.7300,0.0000,1.0000,0.6667,0.0733,0
146,0.77,0.04,0.56,-0.36,-0.17,0.6950,0.4800,0.1150,0.9900,0.6833,0.1858,0
147,-0.69,0.50,-0.60,0.00,0.75,0.0000,0.0000,0.1750,0.3700,0.3083,0.2419,0
148,-0.45,0.53,0.40,0.66,0.45,0.5950,0.0050,0.9300,0.5900,0.3500,0.5181,0
149,-0.78,-0.54,-0.75,0.73,0.31,0.0000,0.0000,0.4950,0.7400,0.3417,0.1421,0
150,-0.74,0.39,0.27,0.42,0.51,0.3450,0.0300,0.8050,0.5800,0.3500,0.5226,0
151,0.52,-0.27,0.80,0.64,0.66,0.9250,0.0950,0.6800,0.8300,0.5250,0.2665,0
152,-0.41,0.15,0.52,0.65,0.28,0.9900,0.0150,0.9000,0.7700,0.3583,0.1777,0
153,0.09,0.54,0.67,0.58,-0.44,1.0000,0.0450,0.9450,0.8400,0.3333,0.1111,0
154,-0.67,0.79,-0.25,-0.75,-0.78,0.9700,0.2900,0.0000,0.3450,0.3250,0.2216,0
155,-0.43,-0.66,-0.72,0.45,-0.45,0.4250,0.0150,0.2850,1.0000,0.8000,0.1456,0
156,-0.71,-0.64,0.59,-0.49,0.75,0.9100,0.5200,0.2000,0.8250,0.5917,0.3280,0
157,0.03,-0.04,0.44,-0.71,-0.66,0.8250,0.8250,0.0000,1.0000,0.6667,0.0758,0
158,-0.63,-0.60,-0.19,-0.74,0.52,0.1800,0.1350,0.1900,0.8650,0.6667,0.3319,0
159,0.70,0.24,0.57,-0.63,-0.69,0.7950,0.7950,0.0050,1.0000,0.6750,0.0524,0
160,-0.76,-0.76,-0.51,0.69,0.40,0.1450,0.0100,0.5800,0.8650,0.6083,0.2530,0
161,-0.29,0.79,0.24,-0.48,-0.51,1.0000,0.6100,0.3250,0.6400,0.4083,0.1976,0
162,0.49,-0.24,0.70,0.24,0.63,0.8650,0.1650,0.5500,0.8350,0.5917,0.2476,0
163,0.52,-0.56,-0.39,-0.65,0.11,0.3100,0.1800,0.0300,0.9950,0.8250,0.1474,0
164,0.71,0.43,0.23,-0.02,-0.60,0.5300,0.0400,0.6350,1.0000,0.7000,0.1386,0
165,0.38,0.56,-0.79,0.72,-0.10,0.0000,0.0000,0.3600,0.7900,0.3667,0.1573,0
166,0.52,0.63,-0.62,-0.62,-0.64,0.1950,0.1250,0.0000,1.0000,0.5833,0.1373,0
167,-0.26,0.68,-0.63,0.59,-0.23,0.0000,0.0000,0.5700,0.7650,0.3333,0.1771,0
168,0.28,0.73,-0.77,-0.26,-0.02,0.0000,0.0000,0.0150,0.7300,0.3333,0.1462,0
169,0.41,-0.36,0.57,0.25,0.55,0.8100,0.1550,0.4900,0.8800,0.6500,0.2464,0
170,0.55,0.54,0.26,0.61,-0.60,0.6900,0.0000,0.8400,0.8950,0.5917,0.1329,0
171,-0.52,0.79,0.08,-0.47,0.29,0.0000,0.0000,0.2400,0.3600,0.3083,0.2352,0
172,-0.02,0.00,-0.67,0.36,0.61,0.0050,0.0000,0.2500,0.7350,0.3750,0.2155,0
173,-0.10,0.58,-0.56,-0.44,-0.28,0.0000,0.0000,0.0850,0.8750,0.3333,0.1384,0
174,0.14,0.70,0.30,0.52,0.35,0.5400,0.0100,0.9400,0.4750,0.3583,0.5224,0
175,-0.00,-0.72,-0.63,0.68,-0.51,0.4500,0.0050,0.2350,1.0000,0.8083,0.1309,0
176,-0.33,-0.57,-0.66,0.40,-0.22,0.3400,0.0100,0.3800,1.0000,0.7750,0.1696,0
177,0.30,-0.09,-0.28,-0.56,-0.55,0.5000,0.4550,0.0300,1.0000,0.7833,0.1405,0
178,0.58,-0.54,-0.17,0.21,0.30,0.3800,0.0650,0.2200,0.9900,0.7917,0.1599,0
179,-0.22,0.55,-0.59,0.42,-0.79,0.3900,0.0000,0.9650,1.0000,0.6167,0.1287,0
180,-0.72,-0.72,0.37,-0.60,0.54,0.9450,0.6950,0.0700,0.8900,0.5667,0.2382,0
181,-0.33,0.54,0.56,-0.36,-0.11,1.0000,0.3650,0.5800,0.7600,0.3333,0.2242,0
182,-0.36,-0.57,0.71,0.64,-0.53,1.0000,0.0100,0.9800,0.9900,0.5000,0.0663,0
183,-0.52,0.72,-0.64,-0.31,0.76,0.0000,0.0000,0.1500,0.3400,0.2917,0.2512,0
184,-0.03,0.51,-0.74,-0.09,-0.46,0.0050,0.0000,0.1400,0.9700,0.5083,0.1153,0
185,0.68,0.13,-0.46,-0.73,0.66,0.0250,0.0150,0.1000,0.8250,0.5417,0.1589,0
186,-0.35,-0.13,-0.53,0.53,-0.39,0.3750,0.0000,0.7050,1.0000,0.8000,0.1495,0
187,0.56,-0.58,0.33,-0.51,-0.42,0.7000,0.6200,0.0000,1.0000,0.6667,0.0600,0
188,0.34,0.39,0.55,-0.74,0.58,0.7500,0.4000,0.2900,0.6350,0.5250,0.4076,0
189,-0.19,-0.55,-0.20,0.27,-0.75,0.6750,0.0450,0.1200,1.0000,0.8250,0.1062,0
190,-0.77,-0.14,0.52,0.31,0.62,0.9550,0.1200,0.6750,0.7600,0.4250,0.2749,0
191,-0.80,0.76,-0.41,-0.74,0.79,0.0000,0.0000,0.1250,0.2950,0.2750,0.2381,0
192,0.42,0.34,-0.42,0.71,0.77,0.0000,0.0000,0.3400,0.6700,0.3750,0.1809,0
193,-0.57,-0.21,-0.29,-0.58,0.33,0.0200,0.0200,0.2050,0.7650,0.3833,0.2239,0
194,-0.75,-0.06,-0.80,0.70,0.55,0.0000,0.0000,0.3550,0.5850,0.3333,0.1754,0
195,-0.66,0.16,-0.11,-0.63,0.05,0.0550,0.0450,0.2600,0.7400,0.3500,0.3410,0
196,0.07,0.52,0.39,0.19,-0.53,1.0000,0.1400,0.8450,0.8300,0.3750,0.1385,0
197,0.77,0.59,-0.20,-0.68,-0.17,0.1850,0.0600,0.0200,0.9700,0.5417,0.1248,0
198,0.55,-0.41,0.47,-0.02,-0.64,0.7050,0.4250,0.0100,1.0000,0.6667,0.1151,0
199,-0.07,-0.57,0.40,0.71,-0.66,0.8000,0.0000,0.7900,1.0000,0.6667,0.0300,0
200,0.80,-0.04,-0.61,0.52,-0.07,0.2100,0.0000,0.1650,0.9950,0.6667,0.1386,0
201,0.12,0.13,0.52,0.27,0.62,0.8750,0.1300,0.6750,0.7350,0.5167,0.2913,0
202,-0.32,0.55,0.55,-0.50,0.33,0.8000,0.3800,0.4400,0.6100,0.3583,0.5171,0
203,-0.48,-0.70,0.74,-0.75,0.26,1.0000,0.9050,0.0100,0.9450,0.5000,0.1134,0
204,0.70,-0.17,0.23,-0.58,0.53,0.4400,0.2500,0.1450,0.9500,0.7250,0.2195,0
205,0.11,0.12,-0.68,-0.60,-0.56,0.2450,0.1950,0.0250,1.0000,0.7333,0.1204,0
206,0.14,0.57,-0.30,0.56,0.08,0.0000,0.0000,0.6500,0.7250,0.3333,0.1827,0
207,0.11,-0.06,-0.35,0.74,0.65,0.0550,0.0050,0.4400,0.7500,0.4750,0.2313,0
208,0.01,0.68,-0.67,-0.17,-0.09,0.0000,0.0000,0.0650,0.7550,0.3333,0.1475,0
209,0.65,-0.57,-0.29,-0.66,-0.60,0.4950,0.3950,0.0050,1.0000,0.6750,0.0880,0
210,0.64,0.46,-0.73,-0.78,0.42,0.0050,0.0000,0.0300,0.7450,0.4417,0.1593,0
211,0.77,-0.58,-0.52,0.63,0.11,0.2950,0.0000,0.2250,0.9850,0.7750,0.1540,0
212,-0.70,0.46,0.50,0.68,-0.29,1.0000,0.0000,0.9900,0.8900,0.3333,0.1175,0
213,0.16,0.18,-0.48,0.78,-0.55,0.4250,0.0000,0.7650,1.0000,0.8000,0.0980,1
214,-0.68,-0.00,0.57,-0.17,-0.63,1.0000,0.3600,0.2650,0.9850,0.5000,0.1377,0
215,-0.63,-0.63,-0.35,0.60,0.38,0.2550,0.0200,0.5900,0.9100,0.6833,0.2628,0
216,-0.19,-0.62,0.02,0.29,-0.68,0.7550,0.1100,0.0650,1.0000,0.6667,0.1168,0
217,-0.29,0.02,-0.24,0.78,0.80,0.0300,0.0050,0.4900,0.7050,0.4000,0.2407,0
218,-0.54,-0.73,-0.16,-0.37,0.49,0.4050,0.2250,0.2300,0.9500,0.8250,0.2839,0
219,-0.21,0.56,-0.59,0.56,0.41,0.0000,0.0000,0.3650,0.5650,0.3333,0.1804,0
220,-0.71,0.74,0.70,-0.50,0.06,1.0000,0.3400,0.5500,0.6100,0.3417,0.3258,0
221,-0.41,0.07,0.37,-0.73,0.51,0.6950,0.5000,0.1950,0.7550,0.4417,0.5906,0
222,-0.80,0.53,0.61,0.14,-0.52,1.0000,0.0050,0.9700,0.9100,0.3333,0.1161,0
223,-0.50,-0.08,-0.51,-0.40,0.76,0.0150,0.0100,0.1900,0.6250,0.3750,0.2269,0
224,-0.72,-0.64,-0.32,0.37,0.41,0.1750,0.0300,0.5000,0.8350,0.6250,0.2714,0
225,-0.04,-0.67,-0.74,0.28,0.27,0.1100,0.0200,0.2200,0.9850,0.6500,0.1680,0
226,-0.61,-0.50,-0.32,0.09,-0.70,0.6450,0.2650,0.2050,1.0000,0.8250,0.1206,0
227,0.75,-0.09,-0.16,0.68,-0.13,0.4450,0.0050,0.5300,1.0000,0.7167,0.1513,0
228,0.48,-0.66,0.39,0.62,0.27,0.7150,0.0400,0.5450,0.9800,0.6833,0.1944,0
229,0.10,0.70,0.15,0.24,0.64,0.1950,0.0100,0.5750,0.5700,0.3667,0.4675,0
230,-0.33,-0.69,0.25,-0.57,-0.73,0.7150,0.7150,0.0000,1.0000,0.6667,0.0505,0
231,-0.38,0.68,-0.09,-0.56,0.45,0.0000,0.0000,0.1900,0.4450,0.3333,0.2153,0
232,-0.16,0.10,-0.79,0.06,-0.58,0.2100,0.0050,0.2700,1.0000,0.7417,0.1198,0
233,0.58,-0.37,-0.59,0.48,-0.62,0.3950,0.0000,0.1750,1.0000,0.8250,0.1713,0
234,-0.29,0.74,0.05,0.67,0.22,0.1000,0.0000,0.8800,0.5550,0.3333,0.3809,0
235,0.74,-0.31,-0.06,-0.26,-0.54,0.5000,0.2550,0.1250,1.0000,0.7750,0.1252,0
236,0.42,0.57,-0.56,0.07,0.61,0.0000,0.0000,0.1900,0.6600,0.3500,0.1755,0
237,-0.05,0.67,0.55,0.60,0.34,0.9050,0.0050,0.9700,0.5200,0.3500,0.3319,0
238,0.39,0.64,-0.64,-0.42,-0.77,0.2150,0.0400,0.0200,1.0000,0.6333,0.1118,0
239,-0.14,0.72,-0.63,-0.75,0.13,0.0000,0.0000,0.0150,0.5550,0.3333,0.1332,0
240,0.54,-0.10,-0.69,-0.33,0.71,0.0150,0.0100,0.1150,0.8550,0.5250,0.1532,0
241,0.44,0.66,-0.34,-0.61,0.75,0.0050,0.0050,0.1650,0.6150,0.3667,0.2067,0
242,0.33,0.67,0.30,-0.70,-0.68,0.8850,0.8700,0.0700,0.9900,0.6583,0.1517,0
243,0.35,-0.22,0.62,0.27,-0.62,0.8000,0.0100,0.7850,1.0000,0.6667,0.0563,0
244,-0.63,-0.55,-0.25,0.75,-0.60,0.7300,0.0000,0.7350,1.0000,0.7167,0.1273,0
245,0.30,-0.16,-0.61,-0.03,0.77,0.0200,0.0050,0.1800,0.7900,0.5083,0.1981,0
246,0.52,0.55,0.22,0.47,-0.41,0.6950,0.0050,0.8250,0.8650,0.5750,0.1516,0
247,-0.37,-0.78,-0.78,-0.72,0.24,0.0950,0.0650,0.1000,0.9850,0.6583,0.1774,0
248,0.04,-0.64,0.36,-0.79,0.25,0.7700,0.6650,0.0100,0.9750,0.6833,0.1210,0
249,0.52,-0.06,-0.52,-0.53,-0.70,0.4050,0.2750,0.0050,1.0000,0.6833,0.1016,0
250,-0.70,0.39,-0.52,-0.12,-0.43,0.0000,0.0000,0.3200,0.7000,0.3333,0.1364,0
251,0.67,0.55,0.46,-0.02,-0.16,0.8250,0.1250,0.7050,0.7800,0.5750,0.1889,0
252,-0.59,0.41,0.10,-0.61,0.56,0.0600,0.0450,0.2750,0.5450,0.3500,0.3387,0
253,0.76,0.68,-0.26,-0.01,-0.10,0.1300,0.0100,0.1750,0.9050,0.5667,0.1703,0
254,-0.76,-0.13,-0.61,0.47,0.18,0.0000,0.0000,0.4800,0.7200,0.3333,0.1192,0
255,0.72,0.74,0.31,-0.35,-0.37,0.6350,0.2500,0.4950,0.8600,0.6083,0.2134,0
256,0.28,0.56,-0.41,-0.56,-0.26,0.0650,0.0350,0.0350,0.9300,0.6000,0.1400,0
257,-0.46,-0.43,-0.66,-0.56,-0.55,0.4850,0.4500,0.1750,1.0000,0.7667,0.1238,0
258,-0.53,-0.55,0.64,-0.05,-0.72,1.0000,0.8250,0.0200,0.9950,0.5000,0.1138,0
259,0.22,-0.72,0.09,0.06,-0.54,0.6850,0.2950,0.0250,1.0000,0.6917,0.1190,0
260,0.28,0.78,0.30,0.43,-0.51,0.9750,0.0600,0.8600,0.5300,0.3750,0.1581,0
261,-0.06,0.52,0.09,0.28,-0.62,0.8750,0.0350,0.9300,0.9350,0.6167,0.1495,0
262,0.25,-0.12,-0.05,-0.51,-0.61,0.6050,0.5700,0.0900,1.0000,0.7917,0.1716,0
263,0.70,-0.48,-0.70,-0.61,-0.60,0.3850,0.2000,0.0050,1.0000,0.7083,0.0998,0
264,-0.78,-0.08,0.03,-0.04,-0.58,1.0000,0.3700,0.0800,1.0000,0.5000,0.1212,0
265,-0.37,0.61,-0.14,0.55,-0.02,0.0200,0.0000,0.8800,0.7100,0.3417,0.2035,0
266,0.05,-0.78,0.68,-0.46,-0.18,0.7850,0.7750,0.0000,1.0000,0.6667,0.0718,0
267,0.20,0.53,0.40,-0.80,-0.32,0.9950,0.8750,0.0350,0.9150,0.5083,0.1524,0
268,0.52,-0.72,-0.35,0.55,-0.51,0.4600,0.0050,0.2150,1.0000,0.7583,0.1050,0
269,0.63,0.43,-0.63,-0.63,0.49,0.0000,0.0000,0.0600,0.7300,0.4333,0.1648,0
270,-0.46,-0.69,-0.49,-0.71,-0.35,0.5000,0.4750,0.1350,1.0000,0.7333,0.1087,1
271,0.72,0.47,-0.63,0.35,-0.20,0.0650,0.0000,0.1200,0.9700,0.5417,0.1689,0
272,0.35,0.53,-0.51,-0.57,-0.35,0.0500,0.0050,0.0250,0.9700,0.5667,0.1356,0
273,-0.01,0.60,0.67,0.75,-0.47,1.0000,0.0050,0.9950,0.8350,0.3333,0.0907,0
274,0.43,-0.64,-0.59,-0.38,0.04,0.2450,0.0850,0.0550,0.9900,0.7833,0.1474,0
275,-0.69,0.19,0.40,-0.07,0.52,0.5950,0.1600,0.5800,0.6800,0.3750,0.5780,0
276,0.65,-0.00,-0.50,0.76,0.07,0.2200,0.0000,0.4050,1.0000,0.6417,0.1463,0
277,0.29,0.42,-0.43,0.60,-0.52,0.3800,0.0000,0.7650,1.0000,0.6750,0.1037,0
278,-0.05,-0.63,0.74,0.75,-0.77,0.8000,0.0000,0.8000,1.0000,0.6667,0.0000,0
279,-0.52,0.45,0.68,0.32,-0.15,1.0000,0.0100,0.9750,0.8300,0.3333,0.1299,0
280,-0.38,0.62,0.67,0.27,0.62,0.6500,0.0700,0.8250,0.5850,0.3583,0.5323,0
281,-0.63,0.66,0.47,-0.72,-0.66,1.0000,0.6500,0.1000,0.9450,0.5000,0.1448,0
282,0.63,-0.50,0.23,0.53,0.41,0.5650,0.0450,0.4700,0.9800,0.7250,0.1963,0
283,0.15,0.40,-0.09,0.54,0.64,0.1000,0.0100,0.5500,0.6850,0.4000,0.3297,0
284,-0.55,0.76,-0.35,-0.64,-0.68,0.0000,0.0000,0.0900,0.7700,0.3333,0.1183,0
285,0.07,-0.45,-0.26,-0.74,-0.62,0.5150,0.5100,0.1300,1.0000,0.7500,0.1192,0
286,0.53,-0.42,0.64,0.70,-0.45,0.7750,0.0000,0.7650,0.9950,0.6500,0.0901,0
287,-0.20,0.78,0.50,0.08,-0.17,1.0000,0.0050,0.9900,0.5400,0.3333,0.1174,0
288,0.75,0.46,0.07,-0.16,0.53,0.1250,0.0250,0.2800,0.7300,0.6333,0.2371,0
289,0.73,0.50,0.54,-0.67,0.33,0.7300,0.3900,0.2950,0.7400,0.6167,0.2613,0
290,0.36,-0.51,0.02,-0.33,-0.72,0.6250,0.4100,0.0700,1.0000,0.7833,0.1368,0
291,-0.52,-0.74,-0.24,-0.76,0.02,0.5700,0.5100,0.0950,1.0000,0.8417,0.1442,0
292,-0.01,0.62,0.69,0.63,0.76,0.7000,0.0550,0.8750,0.5550,0.3917,0.5029,0
293,0.43,-0.12,-0.18,-0.68,0.62,0.1250,0.0750,0.1100,0.9100,0.6750,0.2243,0
294,0.40,-0.66,-0.80,0.20,-0.24,0.2650,0.0400,0.1300,1.0000,0.8083,0.1760,0
295,0.08,0.76,0.66,0.76,0.40,0.9100,0.0050,0.9800,0.4550,0.3417,0.3143,0
296,-0.74,0.27,-0.64,-0.43,0.36,0.0000,0.0000,0.0800,0.4550,0.3333,0.1615,0
297,-0.52,0.70,-0.04,0.48,0.52,0.0000,0.0000,0.5950,0.3950,0.3167,0.3308,0
298,0.73,-0.12,0.15,-0.29,0.70,0.3150,0.1300,0.1800,0.9150,0.7583,0.2229,0
299,-0.74,-0.04,-0.75,-0.44,0.08,0.0000,0.0000,0.1200,0.6700,0.3333,0.1082,0
300,-0.51,0.57,0.44,0.64,-0.01,1.0000,0.0000,0.9850,0.7200,0.3333,0.1337,0
301,0.55,0.10,0.72,-0.05,0.19,0.9300,0.2000,0.6150,0.8500,0.5000,0.2213,0
302,-0.67,-0.66,0.64,0.20,0.02,1.0000,0.2200,0.4550,0.9600,0.4500,0.2081,0
303,0.77,0.65,-0.15,-0.65,-0.11,0.1400,0.0550,0.0450,0.9200,0.5250,0.1614,0
304,-0.09,0.73,-0.53,0.67,-0.11,0.0000,0.0000,0.6400,0.7350,0.3333,0.1862,0
305,0.64,-0.12,-0.70,-0.66,0.51,0.0150,0.0100,0.0650,0.9250,0.5250,0.1409,0
306,0.39,-0.06,-0.48,0.59,-0.78,0.4650,0.0000,0.4400,1.0000,0.8583,0.1653,0
307,-0.67,-0.51,0.01,-0.14,-0.02,0.9450,0.5200,0.1050,0.9850,0.5833,0.2124,0
308,0.01,-0.49,-0.05,0.59,-0.80,0.6950,0.0000,0.4450,1.0000,0.7167,0.1334,0
309,-0.23,-0.73,-0.69,-0.71,-0.69,0.5000,0.4850,0.1600,1.0000,0.6667,0.0684,0
310,-0.76,0.78,0.38,0.17,-0.67,1.0000,0.0000,1.0000,0.8700,0.3333,0.0843,0
311,-0.70,-0.57,0.21,-0.05,0.62,0.7500,0.2400,0.3350,0.8550,0.6167,0.3791,0
312,-0.66,0.66,0.77,0.13,-0.72,1.0000,0.0000,1.0000,0.9400,0.3333,0.0800,0
313,0.51,0.58,0.22,0.25,0.48,0.2050,0.0250,0.6150,0.6400,0.4917,0.3464,0
314,0.76,-0.46,-0.50,-0.55,0.72,0.1100,0.0650,0.0900,0.9050,0.6667,0.1966,0
315,-0.28,0.55,-0.44,-0.67,0.59,0.0000,0.0000,0.1100,0.4900,0.3333,0.1755,0
316,0.36,0.00,-0.74,0.52,0.14,0.0100,0.0000,0.2350,0.9350,0.5167,0.1181,0
317,0.01,0.33,0.68,0.46,0.58,0.9450,0.0650,0.8650,0.6800,0.4167,0.2452,0
318,-0.43,0.58,0.22,-0.54,-0.25,1.0000,0.5800,0.2150,0.7550,0.4000,0.1950,0
319,0.39,0.65,-0.52,-0.27,-0.50,0.1250,0.0100,0.0550,0.9850,0.6167,0.1383,0
320,0.54,-0.29,-0.49,-0.51,0.73,0.0500,0.0150,0.0950,0.9050,0.5833,0.2092,0
321,0.38,0.08,0.17,0.65,0.77,0.3700,0.0550,0.5450,0.7650,0.6917,0.3225,0
322,-0.30,-0.75,-0.42,0.69,-0.22,0.5050,0.0000,0.3900,1.0000,0.7500,0.1602,0
323,-0.17,0.64,0.11,-0.07,0.52,0.0900,0.0150,0.4600,0.5750,0.3500,0.3765,0
324,-0.14,-0.02,-0.69,0.32,0.70,0.0050,0.0000,0.2500,0.7150,0.3667,0.2085,0
325,0.65,-0.58,0.59,-0.69,-0.65,0.7050,0.6950,0.0000,1.0000,0.6667,0.0442,0
326,-0.63,0.60,0.03,-0.23,0.27,0.0500,0.0400,0.3850,0.4400,0.3333,0.3919,0
327,0.62,-0.12,-0.50,0.61,0.33,0.1400,0.0050,0.2750,0.9550,0.6833,0.1845,0
328,-0.43,-0.46,0.64,0.37,-0.80,0.9950,0.0200,0.8100,0.9900,0.5083,0.1104,0
329,0.70,-0.71,0.09,-0.65,0.11,0.5050,0.3650,0.0500,1.0000,0.7917,0.1755,0
330,0.35,0.54,-0.36,0.59,0.14,0.0150,0.0000,0.5200,0.7100,0.3583,0.1957,0
331,0.67,0.36,0.41,-0.30,0.61,0.5250,0.1850,0.3600,0.7600,0.6667,0.2984,0
332,-0.73,0.54,-0.45,0.68,-0.22,0.0000,0.0000,0.9000,0.5500,0.3333,0.1285,0
333,-0.49,-0.69,-0.59,0.11,-0.44,0.5000,0.0800,0.2450,1.0000,0.7833,0.1252,0
334,0.78,0.78,0.29,-0.46,0.73,0.1750,0.0550,0.2800,0.5800,0.4917,0.3986,0
335,0.51,-0.71,-0.23,-0.24,0.24,0.3750,0.1850,0.1050,0.9900,0.8250,0.1708,0
336,0.26,0.38,0.15,0.60,-0.56,0.7300,0.0000,0.8700,0.8950,0.5583,0.1636,0
337,-0.64,-0.04,0.42,0.63,-0.07,1.0000,0.0200,0.9250,0.9100,0.3417,0.1603,0
338,0.08,0.66,0.04,-0.72,0.38,0.0900,0.0650,0.1950,0.6200,0.3500,0.3857,0
339,-0.59,0.54,-0.09,-0.12,-0.10,0.0500,0.0100,0.6150,0.6800,0.3333,0.2971,0
340,0.50,-0.17,0.67,0.16,-0.46,0.8000,0.0350,0.7250,0.9950,0.6667,0.0981,0
341,0.79,-0.71,0.76,-0.74,0.35,0.7000,0.5600,0.0250,0.9850,0.6583,0.1374,0
342,-0.79,-0.06,-0.62,0.75,-0.14,0.0000,0.0000,0.7100,0.7550,0.3333,0.1318,0
343,-0.78,-0.15,0.12,0.67,0.50,0.4700,0.0300,0.7650,0.7450,0.3917,0.5216,0
344,0.45,0.16,0.78,-0.04,0.61,0.9550,0.2100,0.5750,0.7050,0.4417,0.2379,0
345,0.51,-0.49,-0.24,0.69,0.63,0.2800,0.0200,0.3750,0.9550,0.7833,0.1896,0
346,0.38,-0.14,-0.35,-0.57,0.66,0.0550,0.0500,0.1250,0.8650,0.5917,0.1810,0
347,0.58,-0.15,-0.10,-0.25,0.75,0.1950,0.0850,0.2050,0.9050,0.7250,0.2271,0
348,0.14,0.30,0.52,-0.79,-0.19,0.9950,0.8850,0.0350,0.9200,0.5083,0.1579,0
349,0.01,0.57,-0.63,-0.45,0.43,0.0000,0.0000,0.0700,0.6100,0.3333,0.1673,0
350,-0.51,0.29,-0.42,0.10,-0.53,0.3600,0.0400,0.8650,0.9800,0.6250,0.1823,0
351,0.50,0.64,0.05,0.70,0.71,0.1250,0.0050,0.5850,0.6050,0.4167,0.3326,0
352,-0.58,0.70,-0.64,0.10,0.22,0.0000,0.0000,0.1650,0.2950,0.2750,0.2471,0
353,0.19,0.77,-0.45,-0.73,-0.52,0.0500,0.0200,0.0050,0.9250,0.5750,0.1453,0
354,0.79,-0.75,0.36,-0.73,0.73,0.5050,0.3150,0.0800,0.9700,0.7750,0.2052,0
355,-0.08,-0.36,0.74,-0.77,0.77,0.9200,0.5900,0.1350,0.8000,0.5667,0.2565,0
356,-0.51,0.21,-0.53,0.16,-0.50,0.2550,0.0200,0.7900,0.9600,0.5500,0.1556,0
357,-0.20,-0.56,0.33,0.11,0.67,0.8050,0.2350,0.3850,0.8350,0.6583,0.3121,0
358,0.62,-0.06,0.60,0.49,-0.69,0.7400,0.0000,0.7450,1.0000,0.6750,0.0787,0
359,0.29,0.73,-0.22,-0.46,-0.78,0.5000,0.3450,0.1000,1.0000,0.6750,0.0883,0
360,-0.29,-0.53,0.59,-0.42,0.28,0.9850,0.7600,0.0900,0.9350,0.5167,0.1933,0
361,0.68,-0.04,0.77,0.41,0.54,0.8850,0.1300,0.6800,0.8250,0.5667,0.2238,0
362,-0.24,0.38,-0.54,-0.69,0.69,0.0000,0.0000,0.1100,0.5550,0.3333,0.1655,0
363,-0.01,-0.64,-0.69,-0.62,-0.36,0.3700,0.2650,0.0550,1.0000,0.8000,0.1519,0
364,-0.24,-0.05,-0.59,0.17,0.67,0.0050,0.0000,0.2600,0.7250,0.3667,0.2097,0
365,-0.24,0.18,-0.71,0.65,-0.71,0.3050,0.0000,0.7650,1.0000,0.6917,0.0854,0
366,-0.13,-0.31,0.52,0.74,-0.18,1.0000,0.0000,0.9750,0.9750,0.4250,0.1289,0
367,0.60,0.68,-0.05,0.26,0.02,0.2700,0.0100,0.6350,0.7750,0.5417,0.2138,0
368,-0.47,-0.21,0.70,0.62,0.58,0.9800,0.0950,0.7850,0.7900,0.4167,0.2190,0
369,-0.62,0.51,0.66,-0.62,0.56,0.6450,0.3500,0.3650,0.5800,0.3750,0.6124,0
370,-0.52,-0.03,0.10,0.72,0.70,0.3550,0.0350,0.6800,0.7050,0.3917,0.5098,0
371,-0.52,-0.06,-0.69,-0.73,0.72,0.0050,0.0050,0.1100,0.5950,0.3500,0.1721,0
372,-0.58,0.79,0.78,0.37,-0.64,1.0000,0.0000,1.0000,0.8850,0.3333,0.1152,0
373,-0.70,-0.51,-0.63,0.49,0.29,0.0000,0.0000,0.5000,0.7850,0.3750,0.1596,0
374,0.58,0.45,0.74,0.44,-0.48,1.0000,0.0300,0.8400,0.8400,0.3667,0.1354,0
375,0.51,-0.12,0.74,-0.77,-0.72,0.7800,0.7800,0.0000,1.0000,0.6667,0.0566,0
376,0.48,-0.68,0.79,0.23,0.36,0.8150,0.1800,0.4350,0.9450,0.5917,0.2579,0
377,-0.66,0.70,0.20,-0.63,0.61,0.1000,0.0700,0.2650,0.3600,0.3083,0.4520,0
378,-0.64,-0.17,0.28,-0.68,0.27,0.9050,0.6750,0.1000,0.8700,0.5750,0.2902,0
379,0.63,-0.73,-0.05,0.47,0.77,0.3850,0.0550,0.2900,0.9600,0.7917,0.2187,0
380,0.12,-0.71,-0.54,0.73,0.14,0.3200,0.0050,0.3500,1.0000,0.8333,0.1230,0
381,-0.79,-0.48,-0.43,0.38,-0.53,0.7000,0.0600,0.5200,1.0000,0.6667,0.1000,0
382,0.76,0.37,0.77,-0.46,0.42,0.8950,0.3500,0.4350,0.6900,0.5167,0.2218,0
383,0.28,0.70,0.42,0.18,0.59,0.3550,0.0250,0.7450,0.5300,0.3833,0.4965,0
384,0.08,0.57,0.31,-0.40,-0.67,0.9900,0.5050,0.4600,0.9750,0.5167,0.1347,0
385,-0.41,-0.71,0.21,-0.35,0.54,0.7400,0.4200,0.1650,0.9300,0.8083,0.2642,0
386,-0.74,0.80,-0.72,-0.27,-0.13,0.0000,0.0000,0.0500,0.1650,0.2167,0.1913,0
387,-0.66,-0.67,0.49,0.54,0.27,0.9950,0.0800,0.6850,0.9400,0.4250,0.2107,0
388,-0.47,0.29,-0.03,0.65,0.75,0.0600,0.0000,0.5850,0.5700,0.3583,0.3100,0
389,0.59,-0.40,0.49,0.69,-0.06,0.7250,0.0100,0.7200,0.9800,0.6333,0.1508,0
390,0.55,-0.45,-0.60,0.04,-0.76,0.4150,0.1600,0.0400,1.0000,0.7333,0.1459,0
391,-0.77,-0.05,0.51,0.41,0.17,1.0000,0.0500,0.8350,0.8800,0.3417,0.1916,0
392,-0.68,0.46,-0.09,0.65,0.40,0.0100,0.0000,0.7550,0.5100,0.3417,0.2358,0
393,0.22,-0.28,0.52,0.02,0.54,0.8500,0.2200,0.4250,0.8550,0.6083,0.2677,0
394,0.45,0.44,-0.73,-0.79,0.79,0.0000,0.0000,0.0900,0.6500,0.3750,0.1691,0
395,-0.72,-0.15,0.76,0.09,0.40,1.0000,0.1650,0.6450,0.8150,0.3583,0.2226,0
396,-0.38,-0.63,0.18,-0.64,-0.49,0.7600,0.7600,0.0000,1.0000,0.6667,0.0693,0
397,0.77,0.69,0.47,-0.68,0.13,0.7250,0.4150,0.2600,0.7050,0.5417,0.2470,0
398,-0.67,0.37,0.37,0.18,-0.73,1.0000,0.0000,0.9950,0.9950,0.4083,0.0885,0
399,-0.15,-0.26,-0.76,0.72,0.23,0.0200,0.0000,0.4350,0.9500,0.5250,0.1610,0
400,0.71,0.67,-0.59,0.39,-0.48,0.1750,0.0000,0.1500,0.9850,0.5667,0.1353,0
401,-0.05,0.07,0.71,0.67,0.51,0.9900,0.0450,0.8400,0.7600,0.3833,0.2068,0
402,-0.71,-0.20,-0.02,0.77,-0.63,0.9950,0.0000,0.9050,1.0000,0.5083,0.1013,0
403,0.48,-0.11,0.72,0.72,0.05,0.9400,0.0200,0.8600,0.9100,0.4500,0.1671,0
404,0.60,0.64,0.30,-0.42,-0.06,0.6600,0.3000,0.4350,0.8000,0.5667,0.2052,0
405,-0.56,0.21,-0.65,0.27,0.58,0.0000,0.0000,0.2350,0.5650,0.3333,0.2014,0
406,0.43,-0.54,-0.76,-0.57,-0.41,0.3100,0.1550,0.0200,1.0000,0.7917,0.1501,0
407,-0.25,-0.23,-0.69,0.13,-0.53,0.3650,0.0550,0.2600,1.0000,0.8667,0.1514,0
408,-0.14,0.33,-0.79,0.01,0.51,0.0000,0.0000,0.1500,0.6250,0.3333,0.1881,0
409,0.53,-0.79,0.15,0.48,0.11,0.5450,0.0450,0.3200,1.0000,0.7250,0.1512,0
410,0.64,0.57,-0.36,-0.20,0.47,0.0050,0.0000,0.1600,0.6650,0.4000,0.1893,0
411,-0.79,-0.56,-0.61,0.74,0.01,0.1950,0.0050,0.7400,0.9650,0.6333,0.1965,0
412,-0.28,0.58,-0.01,-0.37,0.50,0.0950,0.0550,0.2700,0.5650,0.3417,0.4119,0
413,-0.29,-0.15,0.77,-0.53,0.69,0.9250,0.4650,0.2950,0.7750,0.4750,0.3165,0
414,-0.72,0.64,0.00,-0.42,-0.38,0.5000,0.2650,0.3550,0.6900,0.3667,0.6270,0
415,-0.14,0.09,0.36,-0.79,-0.72,0.9750,0.9750,0.0000,1.0000,0.5417,0.0946,0
416,-0.56,0.49,0.52,-0.49,0.46,0.6000,0.2850,0.4400,0.6050,0.3667,0.6055,0
417,0.54,0.80,-0.70,-0.18,-0.60,0.0000,0.0000,0.0250,0.9750,0.3750,0.0946,0
418,-0.72,-0.18,0.45,0.70,-0.06,1.0000,0.0150,0.9200,0.9200,0.3417,0.1476,0
419,-0.56,-0.73,0.59,0.10,-0.38,1.0000,0.4350,0.1300,0.9900,0.5000,0.1652,0
420,-0.43,0.55,-0.03,-0.76,-0.69,1.0000,0.9000,0.0000,0.9850,0.4917,0.0871,0
421,-0.75,0.53,0.10,0.67,-0.54,1.0000,0.0000,1.0000,0.8950,0.3333,0.0589,0
422,-0.80,-0.60,-0.38,-0.10,0.09,0.3900,0.1950,0.3450,0.9650,0.8000,0.2567,0
423,0.54,0.51,-0.07,0.00,0.35,0.0400,0.0000,0.3000,0.6950,0.4667,0.2338,0
424,-0.57,-0.19,-0.48,-0.77,-0.49,0.4950,0.4900,0.0850,1.0000,0.7583,0.1119,0
425,0.72,0.26,0.13,0.32,0.61,0.3250,0.0550,0.4250,0.8250,0.6833,0.2529,0
426,0.52,-0.70,-0.64,0.01,0.64,0.1400,0.0400,0.1500,0.9550,0.6917,0.1882,0
427,-0.07,0.54,-0.60,0.49,-0.40,0.0100,0.0000,0.6800,0.9000,0.3583,0.1644,0
428,0.57,-0.01,-0.13,-0.51,0.48,0.1900,0.0950,0.1150,0.9400,0.7250,0.1979,0
429,-0.50,0.12,-0.53,-0.28,-0.16,0.0000,0.0000,0.2300,0.8050,0.3333,0.1434,0
430,-0.51,-0.70,0.00,-0.24,-0.43,0.7500,0.6950,0.0200,1.0000,0.6917,0.1101,0
431,0.53,0.27,0.46,0.66,-0.75,0.7650,0.0000,0.8100,0.9950,0.6750,0.1196,0
432,0.45,0.32,0.55,-0.72,-0.34,0.8950,0.8750,0.0100,0.9850,0.6333,0.1303,0
433,0.73,0.05,-0.80,0.25,0.52,0.0150,0.0050,0.1250,0.8900,0.5250,0.1485,0
434,-0.49,-0.33,0.70,-0.67,0.40,1.0000,0.7600,0.0900,0.8800,0.4583,0.2003,0
435,-0.13,-0.40,-0.40,-0.66,0.53,0.0650,0.0250,0.1300,0.8700,0.6083,0.2116,0
436,0.50,-0.60,-0.05,0.06,-0.03,0.5100,0.1500,0.1850,1.0000,0.7667,0.1616,0
437,0.74,0.32,-0.80,-0.53,-0.03,0.0050,0.0000,0.0100,0.9600,0.5083,0.0900,0
438,0.08,-0.49,0.66,0.55,0.34,0.9650,0.0950,0.7200,0.8900,0.4833,0.1951,0
439,-0.64,-0.67,-0.51,0.20,0.56,0.0450,0.0050,0.3600,0.7950,0.4750,0.2056,0
440,0.17,0.73,-0.07,0.56,0.80,0.0600,0.0000,0.4500,0.5750,0.3500,0.3275,0
441,-0.55,-0.51,0.50,0.38,-0.04,1.0000,0.0550,0.7550,0.9750,0.4417,0.1875,0
442,0.65,-0.52,0.48,-0.79,-0.28,0.7000,0.6600,0.0000,1.0000,0.6667,0.0490,0
443,0.61,0.79,0.19,-0.02,0.38,0.2000,0.0150,0.5050,0.4850,0.4167,0.3921,0
444,-0.19,0.44,-0.58,0.55,0.04,0.0000,0.0000,0.4600,0.7600,0.3333,0.1726,0
445,0.67,-0.47,-0.01,0.51,0.45,0.4250,0.0250,0.3800,0.9950,0.7417,0.1507,0
446,0.70,0.64,-0.61,-0.48,0.52,0.0000,0.0000,0.0800,0.6600,0.3750,0.1490,0
447,-0.54,-0.18,0.68,-0.12,0.06,1.0000,0.2950,0.5050,0.9400,0.3917,0.1663,0
448,0.78,-0.52,-0.46,-0.26,0.56,0.1750,0.0600,0.0850,0.9350,0.7083,0.1727,0
449,-0.53,0.04,0.73,0.44,0.07,1.0000,0.0250,0.9150,0.8950,0.3333,0.1632,0
450,0.41,0.27,-0.71,0.20,0.58,0.0000,0.0000,0.1900,0.7300,0.3833,0.1945,0
451,0.62,0.62,0.40,-0.27,-0.28,0.7700,0.2800,0.5600,0.8150,0.6583,0.1739,0
452,-0.26,-0.61,0.29,0.12,-0.73,0.7250,0.3700,0.0050,1.0000,0.6667,0.1160,0
453,-0.02,0.57,-0.49,-0.63,-0.65,0.2800,0.1000,0.0350,1.0000,0.7167,0.1253,0
454,-0.73,-0.68,0.30,0.26,-0.09,1.0000,0.1800,0.3350,0.9850,0.5000,0.1617,0
455,0.75,0.55,0.40,-0.60,-0.04,0.6400,0.3600,0.2350,0.8800,0.6583,0.2082,0
456,0.60,-0.00,-0.24,0.11,-0.74,0.5000,0.0100,0.2100,1.0000,0.8333,0.0693,0
457,0.32,-0.78,-0.69,0.07,-0.11,0.2950,0.1050,0.1350,0.9950,0.7833,0.1849,0
458,-0.73,-0.70,0.23,0.09,0.48,0.9050,0.2500,0.3250,0.8950,0.5833,0.3103,0
459,-0.64,-0.44,0.49,-0.50,0.69,0.9550,0.5400,0.2150,0.7850,0.5083,0.2859,0
460,-0.45,0.65,0.61,0.44,0.71,0.5600,0.0600,0.8500,0.5450,0.3583,0.5480,0
461,-0.65,-0.76,-0.18,0.68,-0.67,0.7300,0.0000,0.3650,1.0000,0.7833,0.1386,0
462,0.50,-0.31,0.40,0.55,-0.22,0.6800,0.0050,0.7050,0.9900,0.6833,0.1459,0
463,0.64,-0.64,-0.49,0.51,0.75,0.1900,0.0350,0.2300,0.9600,0.7250,0.1832,0
464,-0.29,0.43,-0.64,0.25,0.52,0.0000,0.0000,0.1950,0.5550,0.3333,0.2096,0
465,0.79,0.33,0.58,0.79,-0.20,0.8000,0.0000,0.8300,0.9150,0.5917,0.1589,0
466,-0.77,-0.74,-0.40,-0.74,-0.78,0.5050,0.5050,0.2500,1.0000,0.6667,0.0667,0
467,-0.69,0.73,-0.01,-0.73,-0.20,0.0000,0.0000,0.1350,0.4000,0.3167,0.2019,0
468,0.01,-0.29,0.23,0.72,-0.71,0.7850,0.0000,0.7800,1.0000,0.6667,0.0536,0
469,0.52,0.51,-0.33,-0.42,0.39,0.0050,0.0000,0.1400,0.7050,0.4083,0.1767,0
470,0.12,-0.57,-0.61,-0.51,0.17,0.1850,0.1050,0.0550,0.9850,0.7500,0.1838,0
471,-0.66,0.48,-0.64,-0.13,-0.70,0.0050,0.0000,0.3600,0.7650,0.3417,0.1283,0
472,-0.20,0.15,-0.71,0.76,-0.77,0.3550,0.0000,0.7300,1.0000,0.7833,0.1068,0
473,0.66,0.72,0.23,-0.62,-0.54,0.6300,0.5100,0.2000,0.9800,0.7333,0.1733,0
474,-0.71,-0.01,0.48,-0.52,0.35,0.9450,0.5300,0.2500,0.8000,0.4333,0.3087,0
475,-0.28,0.51,-0.55,0.49,-0.04,0.0000,0.0000,0.4950,0.7500,0.3333,0.1673,0
476,0.43,0.03,-0.76,0.73,0.43,0.0000,0.0000,0.2550,0.8600,0.4917,0.1618,0
477,-0.21,0.64,0.55,-0.39,-0.53,1.0000,0.3700,0.6200,0.8700,0.4000,0.1627,0
478,0.64,-0.51,0.19,0.04,-0.37,0.6350,0.2300,0.0550,1.0000,0.7250,0.1489,0
479,0.70,0.34,-0.43,0.52,0.64,0.0200,0.0000,0.2800,0.7050,0.4583,0.2263,0
480,-0.14,-0.60,-0.80,0.42,-0.01,0.1900,0.0050,0.2700,1.0000,0.7333,0.1270,0
481,0.47,0.70,0.56,-0.59,-0.65,1.0000,0.6350,0.3500,0.9550,0.5000,0.1194,0
482,0.71,-0.61,-0.78,0.51,-0.27,0.2700,0.0000,0.1350,0.9950,0.7583,0.1424,0
483,-0.60,-0.24,-0.39,0.45,0.69,0.0250,0.0100,0.4100,0.6650,0.3833,0.2343,0
484,0.55,0.76,-0.12,-0.78,0.30,0.0000,0.0000,0.0700,0.5700,0.3667,0.1365,0
485,-0.37,-0.04,0.17,0.74,-0.59,1.0000,0.0000,0.9950,0.9950,0.5000,0.0308,0
486,-0.12,-0.33,0.64,0.58,0.22,0.9950,0.0700,0.8100,0.8850,0.4083,0.2089,0
487,0.12,0.25,0.64,-0.63,-0.65,1.0000,0.9950,0.0050,0.9950,0.5000,0.0377,1
488,-0.34,-0.75,0.53,-0.33,0.24,0.9750,0.7650,0.0650,0.9550,0.5417,0.1978,0
489,0.51,-0.74,0.31,0.15,-0.65,0.7000,0.2750,0.0100,1.0000,0.6667,0.0691,0
490,-0.30,0.74,-0.43,-0.32,-0.75,0.2950,0.1400,0.2900,0.9750,0.6667,0.1402,0
491,0.51,-0.17,-0.58,-0.79,0.42,0.0350,0.0100,0.0700,0.9300,0.5500,0.1581,0
492,-0.17,0.19,0.76,-0.10,-0.54,1.0000,0.2300,0.7550,1.0000,0.5000,0.1248,0
493,-0.28,-0.33,0.28,0.74,0.55,0.9400,0.0800,0.7200,0.8050,0.4917,0.2630,0
494,-0.23,-0.35,0.54,0.63,-0.75,0.9800,0.0050,0.9750,0.9950,0.5333,0.0942,0
495,0.15,0.11,0.52,0.51,0.73,0.8400,0.1000,0.7200,0.7300,0.5500,0.3227,0
496,-0.73,-0.27,-0.21,-0.28,-0.63,0.7950,0.6150,0.1950,1.0000,0.6750,0.1247,0
497,0.79,-0.32,-0.63,0.54,0.45,0.1050,0.0050,0.1850,0.9650,0.6417,0.1771,0
498,0.52,0.52,-0.59,0.28,0.52,0.0050,0.0000,0.2000,0.6800,0.3667,0.2007,0
499,-0.71,0.33,-0.12,-0.56,0.68,0.0550,0.0350,0.2150,0.4900,0.3583,0.2987,0
500,-0.71,-0.40,-0.35,0.75,0.53,0.0250,0.0000,0.6050,0.7450,0.3833,0.2049,0
501,0.55,-0.07,-0.40,0.17,-0.57,0.4200,0.0150,0.1700,1.0000,0.8500,0.1351,0
502,0.47,0.34,-0.63,0.23,0.64,0.0000,0.0000,0.1900,0.7050,0.3750,0.2015,0
503,0.50,0.74,0.01,0.25,-0.41,0.5900,0.0050,0.8550,0.8950,0.4417,0.1516,0
504,-0.39,0.14,-0.31,-0.58,0.54,0.0100,0.0100,0.1650,0.6250,0.3417,0.2007,0
505,-0.68,0.26,0.17,-0.23,-0.62,1.0000,0.4200,0.1000,0.9950,0.5000,0.1143,0
506,0.04,0.38,-0.42,0.78,0.78,0.0300,0.0000,0.4200,0.6400,0.3667,0.2496,0
507,0.13,-0.63,0.35,0.05,-0.76,0.7400,0.4850,0.0000,1.0000,0.6667,0.0606,0
508,-0.72,-0.13,-0.20,0.73,0.42,0.0500,0.0000,0.7150,0.7300,0.3750,0.2596,0
509,0.06,0.66,0.33,0.74,-0.08,1.0000,0.0000,0.9950,0.5200,0.3333,0.0953,1
510,-0.16,-0.09,0.36,-0.68,-0.58,0.9000,0.8950,0.0000,1.0000,0.6250,0.1252,0
511,0.66,-0.41,-0.73,0.70,0.50,0.1000,0.0150,0.2100,0.9600,0.6417,0.1823,0
512,-0.73,0.70,-0.16,-0.23,-0.04,0.0000,0.0000,0.2750,0.3300,0.2917,0.2649,0
513,-0.61,0.69,-0.78,0.04,0.18,0.0000,0.0000,0.1000,0.2800,0.2667,0.2414,0
514,0.41,-0.60,0.76,-0.13,-0.04,0.7900,0.5850,0.1100,0.9900,0.6583,0.1741,0
515,-0.66,0.58,-0.03,-0.67,-0.20,0.1000,0.0650,0.2300,0.6100,0.3417,0.4106,0
516,0.63,0.75,0.56,0.08,-0.33,0.9750,0.1750,0.7200,0.5450,0.3750,0.1866,0
517,0.05,-0.75,-0.52,0.35,0.66,0.1550,0.0300,0.2500,0.9450,0.6833,0.2274,0
518,-0.62,0.15,0.16,-0.05,0.51,0.3500,0.1000,0.4800,0.6700,0.3500,0.5410,0
519,-0.57,-0.27,0.55,-0.31,-0.25,1.0000,0.7600,0.0500,0.9850,0.5000,0.1648,0
520,0.47,-0.58,0.20,-0.17,0.69,0.4750,0.2050,0.2050,0.9450,0.7667,0.2175,0
521,0.42,-0.02,0.75,-0.57,0.73,0.8500,0.4350,0.2800,0.7850,0.6083,0.2905,0
522,-0.43,0.58,0.35,-0.73,0.04,0.8000,0.5400,0.2000,0.6750,0.3667,0.5511,0
523,0.42,-0.60,0.05,0.56,0.75,0.4650,0.0700,0.4150,0.9300,0.8167,0.2341,0
524,0.69,0.43,0.15,0.13,-0.59,0.5200,0.0050,0.7150,1.0000,0.7000,0.1257,0
525,-0.08,0.27,0.60,-0.16,-0.77,1.0000,0.3600,0.6150,1.0000,0.5000,0.1169,1
526,0.30,0.10,0.64,0.32,-0.50,0.9650,0.0050,0.9550,0.9950,0.5583,0.1141,0
527,-0.61,-0.38,-0.58,0.74,-0.16,0.3250,0.0050,0.7700,0.9900,0.7833,0.1515,0
528,0.66,-0.43,0.69,-0.17,0.44,0.7450,0.2900,0.2800,0.9550,0.6667,0.2352,0
529,-0.48,-0.54,-0.21,0.64,-0.69,0.6950,0.0050,0.6500,1.0000,0.7583,0.1453,0
530,0.35,-0.55,-0.48,-0.70,0.41,0.1600,0.0950,0.0550,0.9700,0.7167,0.1721,0
531,-0.61,0.74,0.17,0.60,0.34,0.1500,0.0000,0.8600,0.3950,0.3167,0.4581,0
532,-0.10,-0.66,-0.75,0.52,0.01,0.2200,0.0050,0.3250,1.0000,0.7667,0.1428,0
533,0.71,-0.24,0.60,-0.51,0.37,0.6900,0.4300,0.1450,0.9600,0.7000,0.2263,0
534,0.13,-0.10,0.57,-0.21,-0.50,0.9250,0.6650,0.1800,1.0000,0.6250,0.1781,0
535,0.11,-0.30,-0.55,0.68,0.38,0.1200,0.0150,0.3950,0.9550,0.6583,0.2031,0
536,-0.15,-0.65,-0.49,0.50,0.61,0.1350,0.0200,0.3350,0.9250,0.6917,0.2184,0
537,-0.40,-0.71,0.64,0.56,-0.27,1.0000,0.0200,0.8400,0.9950,0.5000,0.0921,0
538,-0.61,-0.05,0.16,-0.69,0.51,0.3600,0.2700,0.2300,0.7100,0.3917,0.6378,0
539,-0.40,0.37,-0.14,-0.69,-0.50,0.8550,0.7300,0.0900,0.9850,0.6583,0.1544,0
540,-0.14,0.72,-0.04,0.33,-0.52,0.8300,0.0200,0.9650,0.6650,0.5000,0.1543,0
541,-0.28,-0.61,-0.16,0.78,-0.11,0.6300,0.0050,0.6400,1.0000,0.7833,0.1503,0
542,0.41,-0.57,-0.57,0.26,0.73,0.1050,0.0200,0.2000,0.9350,0.6583,0.2171,0
543,0.74,-0.12,-0.63,0.38,0.64,0.0250,0.0000,0.1750,0.8900,0.5417,0.1750,0
544,-0.15,-0.78,0.38,0.43,0.77,0.7950,0.1900,0.4500,0.8750,0.7083,0.3117,0
545,0.57,-0.30,0.25,-0.20,0.61,0.4900,0.2000,0.2200,0.9450,0.7583,0.2107,0
546,-0.08,0.25,-0.77,-0.68,-0.68,0.2100,0.1550,0.0050,1.0000,0.6667,0.0765,0
547,0.66,0.69,0.59,-0.38,0.30,0.9050,0.3050,0.5150,0.5150,0.4333,0.2407,0
548,0.62,-0.28,0.25,-0.05,-0.72,0.6600,0.3150,0.0500,1.0000,0.7500,0.1346,0
549,0.13,-0.75,-0.49,-0.45,-0.69,0.5000,0.3350,0.1900,1.0000,0.6833,0.0753,0
550,-0.12,0.23,-0.53,-0.28,-0.79,0.4850,0.2750,0.2200,1.0000,0.8250,0.1896,0
551,0.79,-0.35,0.55,0.61,-0.58,0.6800,0.0000,0.6900,1.0000,0.6833,0.0882,0
552,-0.01,0.52,-0.18,0.66,0.65,0.0450,0.0000,0.5250,0.6100,0.3583,0.2803,0
553,0.49,0.76,-0.17,-0.66,-0.25,0.1700,0.1200,0.0400,0.9050,0.5750,0.1595,0
554,-0.74,0.78,0.42,0.33,0.76,0.3050,0.0300,0.6650,0.4000,0.3250,0.5656,0
555,-0.62,-0.24,-0.55,-0.00,0.39,0.0000,0.0000,0.2750,0.7250,0.3417,0.1846,0
556,-0.62,-0.42,-0.61,0.67,0.02,0.1550,0.0100,0.7000,0.9550,0.6417,0.1890,0
557,0.56,-0.78,-0.36,0.16,-0.02,0.3900,0.1150,0.1450,0.9950,0.8000,0.1578,0
558,0.36,-0.12,0.77,0.72,0.62,0.9450,0.0750,0.7600,0.7950,0.4667,0.2648,0
559,0.67,0.78,0.50,-0.65,0.15,0.8900,0.5300,0.2850,0.5000,0.4333,0.2659,0
560,0.67,-0.25,0.32,0.59,0.32,0.6300,0.0400,0.5850,0.9600,0.7167,0.1912,0
561,0.67,0.06,0.71,-0.64,-0.65,0.8000,0.8000,0.0000,1.0000,0.6667,0.0000,0
562,-0.12,0.73,0.62,-0.11,-0.41,1.0000,0.1250,0.8650,0.7350,0.3333,0.1282,0
563,0.71,0.78,0.35,0.10,-0.50,0.6900,0.0450,0.7700,0.7550,0.5167,0.1880,0
564,0.35,0.24,0.02,-0.62,-0.65,0.5600,0.5550,0.0950,1.0000,0.8250,0.1211,0
565,0.57,-0.51,0.04,-0.13,0.68,0.3750,0.1350,0.1950,0.9550,0.7750,0.2068,0
566,-0.74,-0.57,0.37,-0.12,-0.52,1.0000,0.7850,0.0200,0.9950,0.5000,0.1391,0
567,0.22,0.62,0.03,0.38,0.63,0.0900,0.0050,0.5650,0.6400,0.3917,0.3251,0
568,0.58,0.65,0.73,-0.05,-0.48,0.9900,0.1750,0.7700,0.7650,0.4083,0.1517,0
569,-0.23,0.50,0.48,-0.71,0.34,0.7500,0.5050,0.2650,0.6250,0.3750,0.5842,0
570,0.21,-0.49,-0.58,0.66,-0.18,0.3350,0.0000,0.3700,1.0000,0.8333,0.1102,0
571,0.61,-0.71,0.34,0.41,0.17,0.6250,0.0400,0.3950,0.9900,0.7083,0.1929,0
572,-0.48,-0.54,0.08,0.75,0.43,0.8700,0.0550,0.6600,0.9050,0.6083,0.2942,0
573,-0.03,0.12,-0.69,0.11,0.58,0.0000,0.0000,0.2150,0.7100,0.3500,0.1889,0
574,-0.45,-0.25,0.16,0.54,0.73,0.5050,0.0550,0.6050,0.7900,0.5250,0.4755,0
575,-0.57,-0.48,0.55,0.64,0.13,1.0000,0.0350,0.8550,0.9400,0.4000,0.1698,0
576,-0.02,0.75,0.47,-0.69,-0.53,1.0000,0.6500,0.3200,0.8500,0.5000,0.2135,0
577,0.11,-0.54,0.51,-0.04,0.51,0.8200,0.2800,0.3450,0.9200,0.6500,0.2369,0
578,0.73,0.24,0.20,0.77,-0.46,0.5200,0.0000,0.7650,1.0000,0.6667,0.0622,0
579,-0.46,0.64,0.56,0.38,0.05,1.0000,0.0050,0.9850,0.6550,0.3333,0.1274,0
580,0.72,-0.73,-0.39,-0.48,-0.72,0.4950,0.3050,0.0050,1.0000,0.6750,0.0612,0
581,0.07,0.53,-0.37,0.04,0.51,0.0000,0.0000,0.2400,0.6450,0.3333,0.2022,0
582,0.50,0.36,0.58,-0.11,0.43,0.9150,0.1950,0.6100,0.6700,0.4833,0.2353,0
583,0.48,0.70,0.23,-0.67,0.66,0.1900,0.0700,0.2250,0.5800,0.4417,0.4049,0
584,-0.78,0.48,-0.80,0.27,-0.08,0.0000,0.0000,0.1600,0.3600,0.3167,0.2032,0
585,-0.57,0.63,-0.64,0.07,-0.25,0.0000,0.0000,0.1250,0.5250,0.3333,0.1508,0
586,0.41,0.31,0.10,0.73,0.79,0.1450,0.0200,0.5550,0.7200,0.5333,0.3159,0
587,-0.15,0.78,0.66,-0.32,-0.08,1.0000,0.2100,0.7750,0.5700,0.3333,0.2547,0
588,0.66,0.39,0.71,0.35,0.50,0.9200,0.1200,0.8000,0.6400,0.4417,0.2274,0
589,0.25,-0.69,-0.38,-0.73,-0.32,0.4600,0.4000,0.0750,1.0000,0.7750,0.1392,0
590,0.70,0.46,0.03,0.30,-0.66,0.5000,0.0000,0.7550,1.0000,0.6917,0.0776,0
591,-0.22,0.72,0.09,0.75,0.39,0.1000,0.0000,0.8500,0.5500,0.3333,0.3899,0
592,-0.35,0.51,-0.60,-0.15,-0.03,0.0000,0.0000,0.1250,0.6950,0.3333,0.1623,0
593,-0.28,0.69,-0.72,-0.29,0.23,0.0000,0.0000,0.0550,0.4300,0.3333,0.1535,0
594,-0.41,0.62,0.63,-0.32,-0.14,1.0000,0.2700,0.6900,0.7450,0.3333,0.2376,0
595,0.79,0.35,-0.33,-0.26,0.62,0.0400,0.0150,0.1550,0.7750,0.5167,0.2141,0
596,0.42,0.63,0.45,-0.51,0.50,0.5050,0.2050,0.4300,0.5800,0.4833,0.5163,0
597,-0.53,0.36,0.46,0.45,0.54,0.5950,0.0550,0.8300,0.6500,0.3667,0.5346,0
598,-0.70,-0.33,0.15,0.64,0.12,0.9950,0.0350,0.8100,0.9100,0.4083,0.2030,0
599,0.63,0.60,-0.68,0.28,0.15,0.0000,0.0000,0.1350,0.7300,0.4083,0.1768,0
