split,model,ablation,n_train,eval_split,decision_type,n_cases,n_seeds,kl_mean,kl_std,jsd_mean,jsd_std,top1_mean,top1_std
G1,nonlinear,full,None,G1,action,2482,5,0.002514801936679843,0.0001449688695866656,0.0006274289140911438,3.206152322540286e-05,0.9461724415793716,0.002307465118980888
G1,nonlinear,full,None,G1,all,5000,5,0.0035912338519065055,9.123922800417595e-05,0.0008974276349852487,1.98421890168753e-05,0.9224399999999999,0.004181865612379259
G1,nonlinear,full,None,G1,location,2518,5,0.004652275954206973,0.00013267672164225079,0.0011635661676537034,3.278094749865865e-05,0.8990468625893566,0.006926660136814305
G1,nonlinear,full,None,S0,action,2479,5,0.002005647756201137,0.00010488166320141719,0.0005069317445549946,2.6552882241271682e-05,0.936748688987495,0.0036237667900727616
G1,nonlinear,full,None,S0,all,5000,5,0.002587375806807013,9.956587066221785e-05,0.0006552424133064524,2.576088592273813e-05,0.90984,0.0036698773821478
G1,nonlinear,full,None,S0,location,2521,5,0.003159412235784391,0.00011035363711921206,0.0008010822180802974,2.881015011647241e-05,0.883379611265371,0.004693438939388811
G1,simple,full,None,G1,action,2482,5,0.055877484712177725,0.00018857560988590506,0.014625659194066448,4.096659671813514e-05,0.8942788074133763,0.0014693458927325176
G1,simple,full,None,G1,all,5000,5,0.06010237916867835,5.6809100027228224e-05,0.015643478832523264,3.0944165834941943e-05,0.8677999999999999,0.0022803508501982755
G1,simple,full,None,G1,location,2518,5,0.06426687005074133,0.0002313913627378955,0.016646746641359567,6.848170475931857e-05,0.8416997617156472,0.003763417868302499
G1,simple,full,None,S0,action,2479,5,0.03734830382869513,4.043067761107209e-05,0.009804741664900817,1.6514872392152914e-05,0.83735377168213,0.001408975328485128
G1,simple,full,None,S0,all,5000,5,0.04752140620514201,9.625204818911474e-05,0.012359941501817323,3.493271161162392e-05,0.825,0.0023151673805580563
G1,simple,full,None,S0,location,2521,5,0.05752502413104912,0.00015488210025316678,0.014872571567551562,5.502372034931679e-05,0.812852042840143,0.004116565272231539
G1,uniform,full,None,G1,action,2482,1,0.2428738390877546,0.0,0.06560465423510832,0.0,0.2626913779210314,0.0
G1,uniform,full,None,G1,all,5000,1,0.23644935065594927,0.0,0.06349642283505284,0.0,0.251,0.0
G1,uniform,full,None,G1,location,2518,1,0.23011671352817295,0.0,0.06141833294826266,0.0,0.23947577442414614,0.0
G2,nonlinear,full,None,G2,all,5000,5,0.013402951156957377,0.00027184724879460897,0.0035222435418897136,7.356416051041703e-05,0.83456,0.0015773395322504157
G2,nonlinear,full,None,G2,location,5000,5,0.013402951156957377,0.00027184724879460897,0.0035222435418897136,7.356416051041703e-05,0.83456,0.0015773395322504157
G2,nonlinear,full,None,S0,action,2479,5,0.001960074511385236,0.00015022026191207507,0.0004962417590480834,3.97774680259606e-05,0.9357805566760792,0.0031428077742287463
G2,nonlinear,full,None,S0,all,5000,5,0.0024851524525195167,0.0001628141215520792,0.0006304013577048181,4.2263990430830454e-05,0.9122800000000002,0.002410808992848647
G2,nonlinear,full,None,S0,location,2521,5,0.0030014825659950757,0.00018190479342687876,0.0007623258499975768,4.617407903919694e-05,0.8891709639032129,0.003576616923078086
G2,simple,full,None,G2,all,5000,5,0.05232538425778208,2.4857638065415848e-05,0.01366954120064558,1.7047805338792603e-05,0.8236800000000001,0.004229893615683479
G2,simple,full,None,G2,location,5000,5,0.05232538425778208,2.4857638065415848e-05,0.01366954120064558,1.7047805338792603e-05,0.8236800000000001,0.004229893615683479
G2,simple,full,None,S0,action,2479,5,0.03735471357265063,3.9345658276604765e-05,0.009806000298191734,1.6022794930105306e-05,0.8383219039935458,0.001984408854578293
G2,simple,full,None,S0,all,5000,5,0.04735736468547306,3.113209916019283e-05,0.012310698868644035,1.6689979967389716e-05,0.8266399999999999,0.0028227646023003855
G2,simple,full,None,S0,location,2521,5,0.05719337107527345,4.606948052450586e-05,0.014773669021817879,2.6090872469576402e-05,0.8151527171757239,0.005474880500532439
G2,uniform,full,None,G2,all,5000,1,0.17676773025290346,0.0,0.04673740692832119,0.0,0.2444,0.0
G2,uniform,full,None,G2,location,5000,1,0.17676773025290346,0.0,0.04673740692832119,0.0,0.2444,0.0
G3,nonlinear,full,None,G3,all,5000,5,0.0032061131701290268,8.277981505493366e-05,0.0008135817767773127,2.167343934580401e-05,0.87784,0.002882360144048632
G3,nonlinear,full,None,G3,location,5000,5,0.0032061131701290268,8.277981505493366e-05,0.0008135817767773127,2.167343934580401e-05,0.87784,0.002882360144048632
G3,nonlinear,full,None,S0,action,2479,5,0.0018626765969630872,6.543226694477362e-05,0.000471395290568304,1.7771199455109204e-05,0.9388463089955627,0.001817487749264853
G3,nonlinear,full,None,S0,all,5000,5,0.0026829925633269493,8.10054175711106e-05,0.0006806193961283295,2.1549901763057895e-05,0.90852,0.0019421637418096458
G3,nonlinear,full,None,S0,location,2521,5,0.003489642020136157,0.00011793978482607928,0.0008863578164707744,3.085761502059406e-05,0.87869892899643,0.0024516520651110575
G3,simple,full,None,G3,all,5000,5,0.044939987359070274,0.00010258922506395806,0.011710556609117921,3.660524619696037e-05,0.8291999999999999,0.0067320130718827274
G3,simple,full,None,G3,location,5000,5,0.044939987359070274,0.00010258922506395806,0.011710556609117921,3.660524619696037e-05,0.8291999999999999,0.0067320130718827274
G3,simple,full,None,S0,action,2479,5,0.03737067091404027,4.262628029776154e-05,0.009804396079064515,1.4988148566671473e-05,0.8391286809197258,0.0005259542077614131
G3,simple,full,None,S0,all,5000,5,0.04754020459666769,3.6032179211059475e-05,0.01235067954605451,1.592768049829606e-05,0.8291999999999999,0.002315167380558044
G3,simple,full,None,S0,location,2521,5,0.057540313283392555,7.348396026142429e-05,0.014854541789080375,3.2055382608827966e-05,0.8194367314557714,0.004804433773467618
G3,uniform,full,None,G3,all,5000,1,0.14625230798196354,0.0,0.039208616309645006,0.0,0.3118,0.0
G3,uniform,full,None,G3,location,5000,1,0.14625230798196354,0.0,0.039208616309645006,0.0,0.3118,0.0
G4,nonlinear,full,None,G4,action,2500,5,0.000801336663767867,3.4292383459890214e-05,0.00020209090005441412,8.445773747018037e-06,0.9538399999999999,0.007275163228409376
G4,nonlinear,full,None,G4,all,5000,5,0.003403051344781377,0.0005966094728327536,0.0008783993935809911,0.00015844961941884487,0.92696,0.007669941329632192
G4,nonlinear,full,None,G4,location,2500,5,0.006004766025794887,0.0011711936145781788,0.001554707887107568,0.000311755835193955,0.90008,0.008860699746634027
G4,nonlinear,full,None,S0,action,2479,5,0.0019920991930760692,8.830281310522333e-05,0.000504154969556354,2.2216455205593013e-05,0.9339249697458654,0.004646853006158668
G4,nonlinear,full,None,S0,all,5000,5,0.0027006839729658482,0.000131716353059761,0.0006859332473779566,3.312902188636062e-05,0.9100000000000001,0.004656178690729148
G4,nonlinear,full,None,S0,location,2521,5,0.003397463691072457,0.00019852422899888268,0.0008646830889962639,5.045861104475923e-05,0.8864736215787387,0.005197713075858688
G4,simple,full,None,G4,action,2500,5,0.03207666217479194,0.00027794181213580866,0.008083981204115749,5.2460222213264536e-05,0.84648,0.0018633303518163621
G4,simple,full,None,G4,all,5000,5,0.05292220683391213,0.00031206354396800753,0.013212060598860565,6.907935741359962e-05,0.8065200000000001,0.001741263908774297
G4,simple,full,None,G4,location,2500,5,0.0737677514930323,0.0005888683225547345,0.01834013999360538,0.0001373743272013721,0.76656,0.0031572139617073937
G4,simple,full,None,S0,action,2479,5,0.03748243633468147,6.023391956954664e-05,0.009849958492106495,2.7262010504361572e-05,0.8384832593787817,0.001701897790216152
G4,simple,full,None,S0,all,5000,5,0.04749142511640835,5.849090434184298e-05,0.012355271783397452,2.4679164183740068e-05,0.8244400000000001,0.003128577951721845
G4,simple,full,None,S0,location,2521,5,0.057333663589197316,7.589282855405773e-05,0.01481884641612664,3.039475664315874e-05,0.8106307021023402,0.004830562769812267
G4,uniform,full,None,G4,action,2500,1,0.08550613335432383,0.0,0.022447342065420015,0.0,0.3248,0.0
G4,uniform,full,None,G4,all,5000,1,0.12997125182809022,0.0,0.03363108646046846,0.0,0.245,0.0
G4,uniform,full,None,G4,location,2500,1,0.17443637030185663,0.0,0.0448148308555169,0.0,0.1652,0.0
G5,nonlinear,full,None,G5,action,2462,5,0.0013007084757042811,6.278616745517388e-05,0.0003279168952798533,1.743199038368675e-05,0.9467099918765232,0.004571937226727922
G5,nonlinear,full,None,G5,all,5000,5,0.0023211031047405684,9.981900000288887e-05,0.0005881748306388083,2.6936837341565986e-05,0.9198799999999998,0.0035653891793182846
G5,nonlinear,full,None,G5,location,2538,5,0.0033109421814495276,0.00015025055130703788,0.0008406393841666835,4.01092787059681e-05,0.8938534278959811,0.003419053293919076
G5,nonlinear,full,None,S0,action,2479,5,0.002051438105322395,7.20641017563488e-05,0.0005188991926761526,1.9621397225008024e-05,0.9324727712787414,0.0038964068224423523
G5,nonlinear,full,None,S0,all,5000,5,0.002570272093046249,8.626813657197958e-05,0.0006519217900685732,2.312155683116791e-05,0.9090399999999998,0.0029305289624912655
G5,nonlinear,full,None,S0,location,2521,5,0.003080462277721946,0.00011755646782233568,0.0007827282236012234,3.043675831103547e-05,0.8859976199920666,0.003155941972378581
G5,simple,full,None,G5,action,2462,5,0.04937534282153436,7.15620709073226e-05,0.012370712869565592,1.6550021002989633e-05,0.831600324939074,0.0018073595013230837
G5,simple,full,None,G5,all,5000,5,0.058142591284024846,0.0001064735957764913,0.01458543624707575,2.2592468685696227e-05,0.80776,0.0010039920318409038
G5,simple,full,None,G5,location,2538,5,0.06664730590760704,0.0001599356439540969,0.016733840090822797,3.712439244460169e-05,0.7846335697399527,0.0012645237616927393
G5,simple,full,None,S0,action,2479,5,0.03814419360003381,5.713186369372592e-05,0.009858241017610982,1.2881045164183365e-05,0.8322710770471964,0.0014930823334668199
G5,simple,full,None,S0,all,5000,5,0.04789197078041501,6.726513126390097e-05,0.012335739828967485,1.3317684483541539e-05,0.8227599999999999,0.0018514858897653286
G5,simple,full,None,S0,location,2521,5,0.05747734945164271,9.801080376976714e-05,0.014771963372542562,1.914095548840975e-05,0.8134073780245934,0.002595069771328256
G5,uniform,full,None,G5,action,2462,1,0.2123163959048007,0.0,0.05789035011465582,0.0,0.2587327376116978,0.0
G5,uniform,full,None,G5,all,5000,1,0.22646031952209006,0.0,0.06168585816600568,0.0,0.2534,0.0
G5,uniform,full,None,G5,location,2538,1,0.24018070563153307,0.0,0.0653677103419014,0.0,0.24822695035460993,0.0
G6,nonlinear,full,None,G6,action,2457,5,0.017096908331869404,0.0010906187918619378,0.004420537315852179,0.00028166771998737147,0.77004477004477,0.0036174987453462043
G6,nonlinear,full,None,G6,all,5000,5,0.015422597195784562,0.0005710123904779355,0.00394946943167678,0.00014536472659385533,0.7558400000000001,0.002075572210259141
G6,nonlinear,full,None,G6,location,2543,5,0.013804908457538217,0.0007070111595124187,0.003494332274217496,0.00017897420945796493,0.7421156114825009,0.003786112434734071
G6,nonlinear,full,None,S0,action,2479,5,0.004568078156401976,0.00017771902049154074,0.0011814393021206408,4.525237056398494e-05,0.9160145219846711,0.0007759332013582712
G6,nonlinear,full,None,S0,all,5000,5,0.008184562600747448,0.0002464278534982556,0.0020831947660945663,6.102209471949822e-05,0.8525600000000001,0.002790698837209069
G6,nonlinear,full,None,S0,location,2521,5,0.011740796213414013,0.0005485812901821749,0.002969926933961032,0.0001378112906829135,0.7901626338754462,0.00541709650287491
G6,simple,full,None,G6,action,2457,5,0.07071088083147192,0.00035276966972768494,0.018240456126124214,0.00010206441148222407,0.7789987789987791,0.005050742224660498
G6,simple,full,None,G6,all,5000,5,0.06500491224158349,0.0003381407205447294,0.016843709252032765,0.00010091141764161412,0.75636,0.008415937262123552
G6,simple,full,None,G6,location,2543,5,0.05949190995084188,0.0004378182269341835,0.01549419801741118,0.0001210331936264522,0.7344868265827762,0.01189629282025266
G6,simple,full,None,S0,action,2479,5,0.03821330593551651,5.4298745375139324e-05,0.010027909537209988,9.11337653745377e-06,0.8466317063331988,0.0011193575575241428
G6,simple,full,None,S0,all,5000,5,0.05143209505072577,0.0001837221622780225,0.013396423861028784,5.4686982726613435e-05,0.79744,0.004899795914117252
G6,simple,full,None,S0,location,2521,5,0.06443065840518977,0.0003413943793094869,0.016708818549147304,0.00010213820218370984,0.7490678302261008,0.009095727592467358
G6,uniform,full,None,G6,action,2457,1,0.22121922051752746,0.0,0.05519081633191957,0.0,0.14733414733414735,0.0
G6,uniform,full,None,G6,all,5000,1,0.19364977155442023,0.0,0.049764346926738,0.0,0.2044,0.0
G6,uniform,full,None,G6,location,2543,1,0.1670126751712687,0.0,0.04452139162648982,0.0,0.2595359811246559,0.0
S0,agnostic_nonlinear,full,None,G1,action,2482,5,0.19286686069213096,0.0013679754851167315,0.05274552351941445,0.00031492564642535397,0.578726833199033,0.011899567012331708
S0,agnostic_nonlinear,full,None,G1,all,5000,5,0.1988771000757681,0.0010710802577700448,0.05382939066381839,0.00027841353440644,0.5008,0.0039370039370059074
S0,agnostic_nonlinear,full,None,G1,location,2518,5,0.20480141069935326,0.0021182292301226767,0.05489776169336985,0.000533428865428274,0.4239872915011914,0.00802479532116958
S0,agnostic_nonlinear,full,None,G2,all,5000,5,0.16214981555524438,0.0006875003978904225,0.04303620845655254,0.00017777533572274298,0.38136,0.007246240404513235
S0,agnostic_nonlinear,full,None,G2,location,5000,5,0.16214981555524438,0.0006875003978904225,0.04303620845655254,0.00017777533572274298,0.38136,0.007246240404513235
S0,agnostic_nonlinear,full,None,G3,all,5000,5,0.13565521934139818,0.00029180862691742553,0.03635875757270053,9.001568535283877e-05,0.42548,0.0032267630839588994
S0,agnostic_nonlinear,full,None,G3,location,5000,5,0.13565521934139818,0.00029180862691742553,0.03635875757270053,9.001568535283877e-05,0.42548,0.0032267630839588994
S0,agnostic_nonlinear,full,None,G4,action,2500,5,0.08665641362762508,0.0006077445098585382,0.022780666820214356,0.00014251636214314626,0.46744,0.00021908902300207272
S0,agnostic_nonlinear,full,None,G4,all,5000,5,0.13109909020011484,0.0014836492514010422,0.03386916004743438,0.00035374246807366326,0.37444,0.004124075654010251
S0,agnostic_nonlinear,full,None,G4,location,2500,5,0.1755417667726046,0.0024007150299509296,0.04495765327465439,0.0005803729852425384,0.28144,0.008249121165312099
S0,agnostic_nonlinear,full,None,G5,action,2462,5,0.16510682858059603,0.0003186536649968396,0.04518811107107438,0.0001694997058322386,0.471161657189277,0.0
S0,agnostic_nonlinear,full,None,G5,all,5000,5,0.18964084046795535,0.0021984449883120103,0.05171441789734908,0.0006455944083282326,0.4332,0.005285830114561007
S0,agnostic_nonlinear,full,None,G5,location,2538,5,0.21344018533268297,0.004076933009055899,0.058045295520000116,0.0011221700093500047,0.3963750985027581,0.010413376900238401
S0,agnostic_nonlinear,full,None,G6,action,2457,5,0.1944457252352058,0.00017079752394426085,0.05019383591589895,7.234935334914254e-05,0.42214082214082216,0.0014215913061923452
S0,agnostic_nonlinear,full,None,G6,all,5000,5,0.1740068984345531,0.0002758318402309659,0.04556875205893961,7.93794525466173e-05,0.40204000000000006,0.0019616319736382734
S0,agnostic_nonlinear,full,None,G6,location,2543,5,0.15425927851744592,0.00044647779488245817,0.04110008079014328,0.00013102000170475483,0.3826189539913488,0.003348286741236031
S0,agnostic_nonlinear,full,None,S0,action,2479,5,0.12281379521550051,0.00014417577452514882,0.03284182847795849,4.278190807361704e-05,0.4761597418313836,0.0015254272207494038
S0,agnostic_nonlinear,full,None,S0,all,5000,5,0.14460044871979,0.00014393857036959612,0.03833506891687911,1.859121557363455e-05,0.41159999999999997,0.0011224972160321799
S0,agnostic_nonlinear,full,None,S0,location,2521,5,0.16602413536680846,0.0003409166556338765,0.04373679166502833,6.750653956849053e-05,0.3481158270527568,0.001873180317829052
S0,agnostic_simple,full,None,G1,action,2482,5,0.1884114104695849,0.0004942826311565451,0.05156611779938517,0.00012526275226508183,0.568815471394037,0.004142244371466488
S0,agnostic_simple,full,None,G1,all,5000,5,0.20065675214829307,0.000551035942998638,0.05415034258153227,0.00013026948582460808,0.48188,0.003201874451005226
S0,agnostic_simple,full,None,G1,location,2518,5,0.21272702142809985,0.0010243388675837337,0.056697620543918734,0.0002495227794258249,0.3961874503574266,0.004409870259727175
S0,agnostic_simple,full,None,G2,all,5000,5,0.1554034194481811,0.00017170148904918704,0.041199685880365614,5.4243505683397095e-05,0.42752000000000007,0.0012214745187681968
S0,agnostic_simple,full,None,G2,location,5000,5,0.1554034194481811,0.00017170148904918704,0.041199685880365614,5.4243505683397095e-05,0.42752000000000007,0.0012214745187681968
S0,agnostic_simple,full,None,G3,all,5000,5,0.13610906652379293,0.00012210234831705726,0.03643686896872296,3.929929200420653e-05,0.44311999999999996,0.0020228692493584476
S0,agnostic_simple,full,None,G3,location,5000,5,0.13610906652379293,0.00012210234831705726,0.03643686896872296,3.929929200420653e-05,0.44311999999999996,0.0020228692493584476
S0,agnostic_simple,full,None,G4,action,2500,5,0.08804587061208179,0.00013678256611912798,0.023020449319237208,2.718640960074435e-05,0.48792,0.0001788854381999883
S0,agnostic_simple,full,None,G4,all,5000,5,0.13400473479969494,0.00033365197592671604,0.03436227531911652,7.602330281476368e-05,0.39308,0.0007293833011524145
S0,agnostic_simple,full,None,G4,location,2500,5,0.17996359898730802,0.000615222982935322,0.04570410131899584,0.00014114072446876145,0.29824,0.001564608577248636
S0,agnostic_simple,full,None,G5,action,2462,5,0.16537551315233473,6.653845876038015e-05,0.0449284942213906,1.742803236455788e-05,0.471161657189277,0.0
S0,agnostic_simple,full,None,G5,all,5000,5,0.18799571103971746,0.00022097788148464195,0.050893028671408894,6.592951662491002e-05,0.44528,0.0008438009243891573
S0,agnostic_simple,full,None,G5,location,2538,5,0.20993855075553158,0.00042602502130764875,0.05667895610085927,0.0001270865708689457,0.42017336485421597,0.001662334366408906
S0,agnostic_simple,full,None,G6,action,2457,5,0.19369537679324678,7.855036977323067e-05,0.04995362099120547,1.5506767917075828e-05,0.4218152218152218,0.0006172466783924766
S0,agnostic_simple,full,None,G6,all,5000,5,0.1738654583001264,0.00011995085777697978,0.045493548427162814,3.05509100550847e-05,0.41608,0.0014324803663576054
S0,agnostic_simple,full,None,G6,location,2543,5,0.1547061544316259,0.00017117135195709494,0.04118430804578145,5.359827591068534e-05,0.41053873377900113,0.0024399672917795627
S0,agnostic_simple,full,None,S0,action,2479,5,0.12302923619532838,2.457540654553265e-05,0.03281777421151957,1.079084882515106e-05,0.49052037111738606,0.0019345831074274755
S0,agnostic_simple,full,None,S0,all,5000,5,0.14570313229563953,3.529904816754348e-05,0.03848743271084079,1.4594206473940682e-05,0.43112000000000006,0.0016223439832538673
S0,agnostic_simple,full,None,S0,location,2521,5,0.1679992800277583,5.363511788938239e-05,0.044062634384707235,2.3459508323412348e-05,0.3727092423641412,0.0013334181923023998
S0,nonlinear,full,1000,S0,action,2479,5,0.007922850337700257,0.00023014474205848267,0.0020176509607342423,5.6677013890647394e-05,0.8388059701492537,0.004533411568240886
S0,nonlinear,full,1000,S0,all,5000,5,0.007690245206570012,0.00020886182305426005,0.0019642893015623325,5.3508096076917225e-05,0.8346399999999999,0.0055107168317742585
S0,nonlinear,full,1000,S0,location,2521,5,0.0074615152898417775,0.00024919658909050904,0.0019118166505955885,6.391937269799402e-05,0.8305434351447838,0.00659233079271472
S0,nonlinear,full,20000,S0,action,2479,5,0.0023339381961757894,7.4157933463847e-05,0.0005910922484957358,1.81695110814929e-05,0.9284388866478418,0.002413598273763837
S0,nonlinear,full,20000,S0,all,5000,5,0.0028549726537960987,7.141547982982482e-05,0.0007248503559900009,1.847886647190529e-05,0.90188,0.001418449858119779
S0,nonlinear,full,20000,S0,location,2521,5,0.003367326648417577,0.00013548356718952507,0.0008563800459853532,3.505605640942462e-05,0.8757635858786195,0.0020687671258080645
S0,nonlinear,full,5000,S0,action,2479,5,0.0032735136597303316,0.0005527685251494874,0.0008333150644328048,0.0001398913001308124,0.9147236789027835,0.01087130037021815
S0,nonlinear,full,5000,S0,all,5000,5,0.003791420199025809,0.0004719051153939014,0.0009666495434564586,0.00012005695182909792,0.89024,0.009022638195117895
S0,nonlinear,full,5000,S0,location,2521,5,0.004300698386615452,0.00040817914706913513,0.0010977626626550454,0.00010447117331212435,0.8661642205474017,0.007586631761878814
S0,nonlinear,full,None,G1,action,2482,5,0.0021102001082567937,3.995270632448678e-05,0.0005343178564777829,1.1333364666467751e-05,0.9464947622884772,0.002723681511870369
S0,nonlinear,full,None,G1,all,5000,5,0.0030656398422548533,2.4797696907699633e-05,0.0007753979513464298,6.843099259903923e-06,0.92452,0.0013311649033834916
S0,nonlinear,full,None,G1,location,2518,5,0.004007419595941583,6.648230830458328e-05,0.0010130313093543654,1.6524192015422107e-05,0.9028594122319301,0.002953295066334893
S0,nonlinear,full,None,G2,all,5000,5,0.014822244998412792,0.0012191270475358513,0.0039047600094994526,0.0003286606790698747,0.8245199999999999,0.005341535359800581
S0,nonlinear,full,None,G2,location,5000,5,0.014822244998412792,0.0012191270475358513,0.0039047600094994526,0.0003286606790698747,0.8245199999999999,0.005341535359800581
S0,nonlinear,full,None,G3,all,5000,5,0.003063538617228583,8.884946862285476e-05,0.0007790278994396133,2.3277360525543604e-05,0.8790400000000002,0.001813284313062928
S0,nonlinear,full,None,G3,location,5000,5,0.003063538617228583,8.884946862285476e-05,0.0007790278994396133,2.3277360525543604e-05,0.8790400000000002,0.001813284313062928
S0,nonlinear,full,None,G4,action,2500,5,0.0008930525890497995,6.879833423202351e-05,0.0002257229387980589,1.7574756411130205e-05,0.9587199999999999,0.005736898116578316
S0,nonlinear,full,None,G4,all,5000,5,0.0014704752065493568,0.00010649716440778732,0.0003714713917314145,2.6572111914199864e-05,0.9458400000000001,0.004773677827419862
S0,nonlinear,full,None,G4,location,2500,5,0.002047897824048914,0.00018308255778877659,0.0005172198446647702,4.5670983400607814e-05,0.9329599999999999,0.005341160922496133
S0,nonlinear,full,None,G5,action,2462,5,0.0011927110787767487,4.314162291838315e-05,0.0003025229790280465,1.116867314391326e-05,0.9536961819658814,0.0029847559822703353
S0,nonlinear,full,None,G5,all,5000,5,0.0022193941843081607,3.6726174218746546e-05,0.0005639670432664343,1.0154146268521942e-05,0.9232400000000001,0.002808558349046731
S0,nonlinear,full,None,G5,location,2538,5,0.0032153334300994672,5.5928831299918805e-05,0.0008175822072360603,1.5354319483120337e-05,0.8936958234830575,0.0030315814123989555
S0,nonlinear,full,None,G6,action,2457,5,0.003685608182723066,0.00010322816429501762,0.0009427489960415682,2.726929737326327e-05,0.882132682132682,0.006740742657539876
S0,nonlinear,full,None,G6,all,5000,5,0.003583978384734018,7.009067912626572e-05,0.0009154619942020467,1.7972139079904918e-05,0.8762000000000001,0.004130375285612672
S0,nonlinear,full,None,G6,location,2543,5,0.003485785536264065,9.640796101484537e-05,0.0008890977930539128,2.4746019620814935e-05,0.8704679512386946,0.005017424430274972
S0,nonlinear,full,None,S0,action,2479,5,0.0021265906256263656,4.848056111265319e-05,0.0005397874784681047,1.2279776063209969e-05,0.9321500605082693,0.0055851459907451445
S0,nonlinear,full,None,S0,all,5000,5,0.0026711024592791293,4.9676438623626694e-05,0.0006788132746239856,1.250243658723298e-05,0.9074,0.0030659419433512027
S0,nonlinear,full,None,S0,location,2521,5,0.003206542695544579,6.468289470741706e-05,0.0008155228932953177,1.7069085577520387e-05,0.8830622768742563,0.002125044860924853
S0,nonlinear,location_only,None,S0,action,2479,5,0.06273938021925683,0.00011596457128122079,0.016565856723271235,7.207492194681543e-05,0.7502218636546996,0.0036683961417957795
S0,nonlinear,location_only,None,S0,all,5000,5,0.03311224742818218,0.00013151728326900154,0.008725152582949532,3.6892349573164956e-05,0.8082800000000001,0.0032422214606655244
S0,nonlinear,location_only,None,S0,location,2521,5,0.003978704314705749,0.0002416552878247853,0.001015075009027476,6.249391127373314e-05,0.8653708845696151,0.005953985191942486
S0,nonlinear,no_context,None,S0,action,2479,5,0.06294321935358063,0.0003169241127354861,0.016868461887534637,9.786410329307289e-05,0.7420734167002825,0.004870821733964856
S0,nonlinear,no_context,None,S0,all,5000,5,0.06923783029823541,0.00025708421844608065,0.0183955125738338,6.42242884863535e-05,0.69852,0.0039839678713563705
S0,nonlinear,no_context,None,S0,location,2521,5,0.07542757267499035,0.0003858958517258768,0.01989712251089673,7.851891668591065e-05,0.6556921856406188,0.00440819333020487
S0,simple,full,1000,S0,action,2479,5,0.05938296141815329,0.0001087891395063934,0.01617993406644102,3.069907677826718e-05,0.6803549818475191,0.0007863488781612799
S0,simple,full,1000,S0,all,5000,5,0.06795584417786124,5.661694370281189e-05,0.018408358135590844,1.630360802649069e-05,0.6506000000000001,0.0008000000000000021
S0,simple,full,1000,S0,location,2521,5,0.07638590223471016,5.315322363787116e-05,0.0205996565359964,1.4937449679350218e-05,0.6213407378024594,0.0014466150360024164
S0,simple,full,20000,S0,action,2479,5,0.037567363239010415,3.119046675940402e-05,0.009866303453661088,7.977734925050563e-06,0.8400161355385236,0.002413598273763896
S0,simple,full,20000,S0,all,5000,5,0.047681328433043374,2.86123563848551e-05,0.012409195551702768,1.1678880115161591e-05,0.82448,0.0016468151080191026
S0,simple,full,20000,S0,location,2521,5,0.057626794405279666,3.728700376399694e-05,0.014909722926175328,1.7245749977597286e-05,0.8092026973423245,0.0013451665972085095
S0,simple,full,5000,S0,action,2479,5,0.039509289585522425,2.276379369043471e-05,0.010480067851336627,7.156069421331971e-06,0.8067769261799113,0.0014544377876014628
S0,simple,full,5000,S0,all,5000,5,0.049574099028798245,9.160652320683894e-06,0.01299154263134603,2.7457600138284378e-06,0.7891999999999999,0.0007348469228349631
S0,simple,full,5000,S0,location,2521,5,0.059471228187814806,2.210900346663574e-05,0.015461176102049445,5.774722351433836e-06,0.7719159063863547,0.00079333597778658
S0,simple,full,None,G1,action,2482,5,0.05205792409343132,0.0002749097107086045,0.013713534480499686,4.699909399530304e-05,0.8999194198227236,0.0011607461958813854
S0,simple,full,None,G1,all,5000,5,0.05631873863566628,0.00026953950745304335,0.014744118571128426,4.9520071528985826e-05,0.8762399999999999,0.0011349008767288888
S0,simple,full,None,G1,location,2518,5,0.06051863605180099,0.00030255395564483405,0.015759968337983283,6.66133697466354e-05,0.8528991262907069,0.0016518375173221334
S0,simple,full,None,G2,all,5000,5,0.052489769909955374,7.196695426561149e-05,0.013691936435337653,2.757018129700634e-05,0.82388,0.003074410512602372
S0,simple,full,None,G2,location,5000,5,0.052489769909955374,7.196695426561149e-05,0.013691936435337653,2.757018129700634e-05,0.82388,0.003074410512602372
S0,simple,full,None,G3,all,5000,5,0.044508914623502004,2.6330374828300834e-05,0.011591569935835985,1.111223946149786e-05,0.83324,0.003798420724459032
S0,simple,full,None,G3,location,5000,5,0.044508914623502004,2.6330374828300834e-05,0.011591569935835985,1.111223946149786e-05,0.83324,0.003798420724459032
S0,simple,full,None,G4,action,2500,5,0.03171739647737239,0.00021698532604445375,0.007962660129749614,4.7481395560580074e-05,0.8436,0.003072458299147455
S0,simple,full,None,G4,all,5000,5,0.05171703271698521,0.00014118595804796824,0.012857266534970033,3.455486309148254e-05,0.81448,0.002748090245970822
S0,simple,full,None,G4,location,2500,5,0.07171666895659803,0.0003420693388561242,0.01775187294019045,7.22061215448375e-05,0.7853600000000001,0.003904868755797055
S0,simple,full,None,G5,action,2462,5,0.04586777168305062,7.218032949371869e-05,0.0118597793894767,1.4855743000686696e-05,0.8414297319252639,0.0027934604165799136
S0,simple,full,None,G5,all,5000,5,0.0552915178874724,7.824103047371177e-05,0.014132669340560655,2.1245358773492503e-05,0.8178000000000001,0.002059126028197394
S0,simple,full,None,G5,location,2538,5,0.06443307153415737,0.00015681699388537474,0.016337497969232322,3.46211399748606e-05,0.7948778565799842,0.002470043816967313
S0,simple,full,None,G6,action,2457,5,0.06318250356423791,7.261215822124573e-05,0.01629802178402536,1.4525871125147617e-05,0.7614977614977615,0.0019938866445121444
S0,simple,full,None,G6,all,5000,5,0.05701316302178714,6.437872973363463e-05,0.014793905478395968,7.866797883280105e-06,0.7827200000000001,0.0013160547101089884
S0,simple,full,None,G6,location,2543,5,0.0510524592416843,8.00143976513381e-05,0.013340655866547198,2.551857948132297e-05,0.8032245379473064,0.0033781724883860807
S0,simple,full,None,S0,action,2479,5,0.03737788196963774,5.495152520254433e-05,0.009808032900698673,2.3029805804643788e-05,0.8390480032271077,0.0012756263251990367
S0,simple,full,None,S0,all,5000,5,0.04735930414390496,4.0934957368362055e-05,0.012307236246001978,1.3052863698466342e-05,0.8298399999999999,0.0015836666315863358
S0,simple,full,None,S0,location,2521,5,0.05717443527044541,5.795603578676809e-05,0.014764802724782974,1.9131839108392027e-05,0.8207854026180087,0.00383969695845458
S0,simple,location_only,None,S0,action,2479,5,0.08058592873904429,6.057082401692121e-05,0.021871927015514776,1.6306953436478368e-05,0.7085921742638162,0.0018397344495347313
S0,simple,location_only,None,S0,all,5000,5,0.06878694348662587,4.238502366305481e-05,0.018287132758820678,1.2659627269798653e-05,0.76488,0.0027949955277245166
S0,simple,location_only,None,S0,location,2521,5,0.05718452998375192,3.880503318718743e-05,0.014762061373519337,1.2407679669215897e-05,0.8202300674335582,0.004755054931690898
S0,simple,no_context,None,S0,action,2479,5,0.08059275503756763,7.616382995092211e-05,0.02187320042012499,2.6686994844869443e-05,0.7098023396530859,0.00177215672742953
S0,simple,no_context,None,S0,all,5000,5,0.09003540244627181,5.1671818545083636e-05,0.024148440962133484,1.910574932598791e-05,0.6835600000000002,0.0022333830840229893
S0,simple,no_context,None,S0,location,2521,5,0.09932073482476353,0.00010910085082880141,0.02638577587036,3.800937717272876e-05,0.6577548591828639,0.004534871110520531
S0,uniform,full,None,S0,action,2479,1,0.1430644763708847,0.0,0.037859375647422706,0.0,0.26502622025010086,0.0
S0,uniform,full,None,S0,all,5000,1,0.160162157732564,0.0,0.04228213217052784,0.0,0.2508,0.0
S0,uniform,full,None,S0,location,2521,1,0.17697499077326334,0.0,0.046631205324346815,0.0,0.2368107893692979,0.0
